"acct_nbr","cust_id","acct_type","account_active","acct_start_date","acct_end_date","starting_balance","ending_balance"
"0000000013628063",1362806,"SV","Y","1995-12-10",,1430.22,284.58
"4561143213628364",1362836,"CC","Y","1992-03-18",,55.90,1000.00
"4561143213633614",1363361,"CC","Y","1994-06-17",,849.37,462.28
"4561143213633274",1363327,"CC","Y","1995-04-02",,0.00,3000.00
"4561143213632374",1363237,"CC","N","1993-01-24","1995-01-30",8649.37,0.00
"4561143213632434",1363243,"CC","Y","1991-06-26",,1025.87,110.03
"0000000013626413",1362641,"SV","N","1988-11-28","1995-12-06",139.95,141.92
"4561143213627934",1362793,"CC","Y","1991-10-16",,714.43,407.08
"4561143213627824",1362782,"CC","Y","1994-06-02",,216.82,1136.06
"0000000013625912",1362591,"CK","Y","1993-06-23",,3390.49,920.44
"0000000013628233",1362823,"SV","Y","1992-06-08",,428.17,491.88
"0000000013631472",1363147,"CK","Y","1993-12-13",,205.58,331.93
"0000000013625292",1362529,"CK","N","1994-09-08","1995-08-17",771.72,1007.92
"4561143213626224",1362622,"CC","N","1992-04-12","1995-07-31",2308.50,406.96
"0000000013626133",1362613,"SV","Y","1995-12-30",,236.65,338.98
"0000000013633742",1363374,"CK","Y","1995-05-16",,237.33,0.00
"0000000013631342",1363134,"CK","Y","1990-02-18",,163.08,0.00
"0000000013630312",1363031,"CK","Y","1990-10-03",,629.03,1938.99
"0000000013629592",1362959,"CK","N","1991-09-07","1995-03-29",924.76,4601.37
"4561143213624874",1362487,"CC","Y","1995-08-08",,0.00,1548.23
"0000000013632053",1363205,"SV","N","1994-01-28","1995-12-22",119.55,1240.58
"0000000013634712",1363471,"CK","Y","1995-07-07",,204.13,153.91
"0000000013630362",1363036,"CK","Y","1995-07-16",,3301.91,41.36
"0000000013632672",1363267,"CK","Y","1992-04-30",,1088.96,612.74
"4561143213633074",1363307,"CC","Y","1994-04-09",,2484.57,1199.30
"0000000013625842",1362584,"CK","Y","1995-05-01",,119.01,12.50
"0000000013626172",1362617,"CK","Y","1995-10-30",,237.72,53.60
"4561143213629854",1362985,"CC","Y","1995-05-06",,0.00,1000.00
"4561143213630084",1363008,"CC","N","1988-08-25","1995-09-30",1900.34,10.00
"4561143213627424",1362742,"CC","Y","1994-06-23",,2540.56,15.74
"0000000013628252",1362825,"CK","N","1992-11-10","1995-07-25",2767.55,306.26
"0000000013632863",1363286,"SV","N","1991-05-03","1995-03-25",117.92,1289.52
"0000000013634223",1363422,"SV","N","1993-12-01","1995-02-05",423.51,14.34
"0000000013634043",1363404,"SV","Y","1995-02-22",,114.29,550.73
"0000000013633132",1363313,"CK","Y","1994-12-06",,170.09,10.42
"0000000013625092",1362509,"CK","Y","1994-11-05",,182.38,10.07
"0000000013630143",1363014,"SV","Y","1995-07-10",,171.98,174.61
"4561143213626024",1362602,"CC","Y","1993-01-21",,4826.62,1661.44
"0000000013633522",1363352,"CK","Y","1995-12-11",,1290.57,851.45
"0000000013626373",1362637,"SV","Y","1991-06-11",,347.66,44.79
"0000000013626433",1362643,"SV","N","1992-02-27","1995-09-16",135.78,494.84
"0000000013625122",1362512,"CK","Y","1993-01-25",,2806.97,1295.93
"4561143213627034",1362703,"CC","Y","1991-08-11",,1237.86,947.81
"0000000013631592",1363159,"CK","Y","1995-01-04",,346.65,35.80
"0000000013625012",1362501,"CK","Y","1987-01-13",,356.40,1.80
"4561143213633114",1363311,"CC","Y","1995-12-03",,0.00,2700.00
"0000000013626852",1362685,"CK","Y","1993-10-13",,450.20,516.78
"4561143213627204",1362720,"CC","Y","1995-08-07",,0.00,1000.00
"4561143213629454",1362945,"CC","Y","1992-05-24",,288.79,505.56
"0000000013631712",1363171,"CK","Y","1993-06-17",,5022.25,17.68
"0000000013632413",1363241,"SV","Y","1989-12-27",,273.49,1649.80
"4561143213633164",1363316,"CC","Y","1993-08-11",,770.33,1000.00
"4561143213631854",1363185,"CC","Y","1995-09-18",,0.00,1000.00
"4561143213627084",1362708,"CC","Y","1992-01-08",,275.64,1000.00
"0000000013633333",1363333,"SV","Y","1993-07-28",,685.35,1896.20
"0000000013628052",1362805,"CK","Y","1987-01-03",,259.18,14.76
"4561143213628304",1362830,"CC","Y","1994-02-14",,640.41,88.21
"4561143213632224",1363222,"CC","Y","1992-01-21",,107.40,1000.00
"0000000013632133",1363213,"SV","Y","1995-03-29",,285.40,289.72
"0000000013632723",1363272,"SV","Y","1995-07-10",,165.83,711.81
"0000000013628682",1362868,"CK","Y","1993-02-15",,265.43,609.04
"0000000013633372",1363337,"CK","Y","1995-03-05",,8494.05,1180.64
"0000000013634532",1363453,"CK","Y","1993-03-30",,216.97,0.00
"0000000013632523",1363252,"SV","Y","1995-02-03",,179.27,181.99
"4561143213633544",1363354,"CC","Y","1991-01-18",,2718.93,3000.00
"0000000013633383",1363338,"SV","Y","1993-06-22",,293.58,675.18
"4561143213634594",1363459,"CC","Y","1995-10-14",,0.00,3000.00
"0000000013628573",1362857,"SV","Y","1991-01-20",,659.39,196.62
"0000000013632833",1363283,"SV","Y","1995-04-18",,166.05,2.74
"0000000013630382",1363038,"CK","Y","1995-07-29",,517.85,459.03
"4561143213630754",1363075,"CC","Y","1989-02-13",,43.95,397.19
"0000000013626452",1362645,"CK","Y","1994-06-18",,546.72,1195.54
"4561143213629714",1362971,"CC","Y","1995-03-09",,0.00,1600.00
"0000000013625713",1362571,"SV","Y","1991-02-23",,2053.57,1741.09
"0000000013630063",1363006,"SV","Y","1994-11-20",,242.01,245.66
"4561143213627004",1362700,"CC","Y","1990-02-14",,369.78,107.40
"0000000013632172",1363217,"CK","N","1994-09-13","1995-12-29",2658.69,110.53
"0000000013629782",1362978,"CK","Y","1994-06-13",,7035.43,278.86
"0000000013630972",1363097,"CK","Y","1994-11-07",,220.02,26.06
"4561143213625264",1362526,"CC","Y","1994-09-11",,4400.06,1982.36
"4561143213626874",1362687,"CC","Y","1995-04-30",,0.00,481.97
"4561143213627774",1362777,"CC","Y","1995-04-09",,0.00,1868.87
"0000000013626322",1362632,"CK","Y","1993-12-05",,6813.85,39.58
"0000000013629622",1362962,"CK","Y","1992-12-14",,306.17,309.49
"0000000013628363",1362836,"SV","N","1991-08-29","1995-10-10",237.76,1009.19
"0000000013625032",1362503,"CK","Y","1994-09-01",,2176.17,535.61
"0000000013629992",1362999,"CK","Y","1993-06-02",,4089.60,3.96
"0000000013633613",1363361,"SV","N","1992-09-07","1995-06-04",195.18,172.80
"0000000013633273",1363327,"SV","Y","1995-04-02",,278.05,401.43
"0000000013629702",1362970,"CK","Y","1995-01-10",,411.71,555.82
"0000000013632373",1363237,"SV","Y","1995-08-09",,745.49,756.74
"0000000013632433",1363243,"SV","N","1991-05-21","1995-08-06",310.62,760.10
"4561143213632654",1363265,"CC","Y","1995-05-20",,0.00,133.12
"0000000013629502",1362950,"CK","Y","1995-02-16",,163.97,163.22
"0000000013630903",1363090,"SV","Y","1995-10-20",,156.33,158.73
"0000000013627933",1362793,"SV","Y","1994-10-11",,966.32,404.56
"0000000013633663",1363366,"SV","Y","1995-11-23",,465.29,7471.81
"0000000013629912",1362991,"CK","Y","1993-06-01",,177.38,77.44
"0000000013627823",1362782,"SV","Y","1994-02-06",,150.85,268.13
"4561143213625934",1362593,"CC","Y","1995-05-30",,0.00,689.96
"4561143213627364",1362736,"CC","Y","1994-02-13",,862.80,328.79
"0000000013631782",1363178,"CK","Y","1993-01-31",,383.35,48.73
"0000000013629292",1362929,"CK","Y","1987-01-08",,1017.61,20.65
"0000000013631582",1363158,"CK","Y","1994-03-04",,2659.16,1080.81
"0000000013626223",1362622,"SV","Y","1989-04-08",,9223.34,13404.16
"4561143213625984",1362598,"CC","N","1994-06-24","1995-12-03",1801.88,20.00
"0000000013624873",1362487,"SV","N","1994-06-27","1995-08-25",651.73,12.89
"4561143213629644",1362964,"CC","Y","1995-03-19",,0.00,1000.00
"0000000013629212",1362921,"CK","Y","1992-06-15",,266.04,0.00
"4561143213628114",1362811,"CC","Y","1994-04-03",,109.23,1000.00
"4561143213629734",1362973,"CC","Y","1995-02-01",,0.00,734.81
"0000000013633922",1363392,"CK","Y","1993-12-21",,2723.71,87.69
"0000000013625733",1362573,"SV","Y","1990-06-17",,10712.86,10399.11
"0000000013627302",1362730,"CK","N","1993-12-15","1995-11-08",224.60,19.01
"0000000013633073",1363307,"SV","N","1994-12-30","1995-07-09",304.25,265.35
"4561143213628814",1362881,"CC","Y","1991-08-31",,490.96,440.26
"0000000013631992",1363199,"CK","N","1994-03-02","1995-11-29",2548.35,1248.05
"0000000013629853",1362985,"SV","Y","1995-01-22",,790.76,1967.70
"0000000013627612",1362761,"CK","Y","1993-01-03",,2548.88,8.21
"0000000013629262",1362926,"CK","Y","1994-07-11",,4216.03,3.39
"4561143213628164",1362816,"CC","Y","1991-09-09",,1182.52,3000.00
"0000000013630083",1363008,"SV","Y","1992-12-29",,9066.08,9341.84
"0000000013627423",1362742,"SV","Y","1992-09-19",,123.32,844.14
"0000000013631702",1363170,"CK","Y","1993-01-13",,2737.15,329.36
"0000000013627272",1362727,"CK","Y","1994-04-21",,946.93,392.05
"4561143213625424",1362542,"CC","N","1989-03-31","1995-12-25",2169.53,20.00
"0000000013624842",1362484,"CK","Y","1993-01-02",,2613.46,95.32
"0000000013631912",1363191,"CK","N","1993-11-17","1995-11-12",294.95,343.52
"4561143213625284",1362528,"CC","Y","1986-01-13",,575.35,540.09
"0000000013625572",1362557,"CK","Y","1995-09-08",,2145.27,147.06
"4561143213633484",1363348,"CC","Y","1991-02-18",,232.29,1800.00
"4561143213632874",1363287,"CC","Y","1992-09-28",,719.04,991.56
"4561143213634584",1363458,"CC","Y","1994-01-27",,23.73,596.63
"0000000013631962",1363196,"CK","Y","1993-06-24",,456.54,521.66
"0000000013628372",1362837,"CK","Y","1995-09-24",,2798.78,530.92
"0000000013628432",1362843,"CK","Y","1994-04-17",,3748.74,3907.34
"0000000013626642",1362664,"CK","Y","1991-10-04",,4140.94,2683.65
"0000000013626023",1362602,"SV","Y","1995-01-29",,1269.70,2735.30
"0000000013628102",1362810,"CK","Y","1993-12-25",,2730.32,344.33
"4561143213628494",1362849,"CC","Y","1994-05-24",,1057.28,515.69
"0000000013631292",1363129,"CK","Y","1995-08-11",,2654.13,88.34
"0000000013628383",1362838,"SV","Y","1994-12-18",,279.57,1013.94
"0000000013629122",1362912,"CK","Y","1994-03-13",,174.15,12.70
"4561143213633354",1363335,"CC","Y","1994-07-12",,134.18,806.94
"0000000013626653",1362665,"SV","Y","1992-10-05",,2237.75,2144.37
"4561143213634624",1363462,"CC","Y","1991-10-22",,2822.43,3000.00
"0000000013627033",1362703,"SV","Y","1992-04-10",,7144.42,7144.39
"0000000013633113",1363311,"SV","Y","1995-03-07",,636.72,299.67
"0000000013634932",1363493,"CK","Y","1994-05-20",,6123.84,2053.90
"4561143213631644",1363164,"CC","Y","1988-11-05",,476.61,1200.00
"4561143213633944",1363394,"CC","Y","1995-06-09",,0.00,1000.00
"0000000013630112",1363011,"CK","Y","1990-02-04",,12730.29,1615.18
"0000000013627203",1362720,"SV","Y","1993-10-18",,653.94,1497.85
"4561143213631734",1363173,"CC","Y","1994-07-09",,345.94,1400.00
"0000000013629453",1362945,"SV","N","1991-09-16","1995-07-04",568.54,1804.89
"4561143213625204",1362520,"CC","N","1993-12-05","1995-12-24",1576.58,20.00
"4561143213632154",1363215,"CC","Y","1994-03-09",,9073.46,2089.45
"4561143213626714",1362671,"CC","Y","1995-10-13",,0.00,1100.00
"4561143213634704",1363470,"CC","Y","1995-06-07",,0.00,5000.00
"0000000013631842",1363184,"CK","Y","1995-10-01",,323.70,74.87
"0000000013632512",1363251,"CK","Y","1991-07-24",,2511.83,456.92
"0000000013630812",1363081,"CK","Y","1995-03-05",,344.74,423.81
"0000000013633163",1363316,"SV","Y","1995-04-14",,318.04,629.06
"0000000013627083",1362708,"SV","Y","1991-05-13",,5006.85,3821.12
"0000000013626582",1362658,"CK","Y","1991-02-21",,6151.91,3517.12
"0000000013629982",1362998,"CK","Y","1993-02-13",,298.78,4.38
"4561143213625084",1362508,"CC","Y","1989-10-01",,811.96,1072.17
"0000000013628303",1362830,"SV","Y","1992-01-14",,237.88,35.68
"4561143213632474",1363247,"CC","Y","1991-08-14",,105.30,3000.00
"0000000013629323",1362932,"SV","Y","1994-03-01",,744.52,523.84
"0000000013633022",1363302,"CK","Y","1993-04-14",,5499.36,4023.58
"0000000013626622",1362662,"CK","Y","1991-12-02",,2651.09,139.01
"4561143213634294",1363429,"CC","N","1990-06-01","1995-01-03",2943.97,1739.74
"0000000013628273",1362827,"SV","Y","1993-02-03",,560.98,306.35
"4561143213632344",1363234,"CC","Y","1995-11-20",,0.00,3000.00
"4561143213628524",1362852,"CC","Y","1993-10-28",,1623.28,1700.00
"0000000013624982",1362498,"CK","Y","1995-02-12",,233.77,172.66
"0000000013633652",1363365,"CK","Y","1993-03-24",,5578.71,901.25
"0000000013631092",1363109,"CK","Y","1993-10-11",,2278.58,41.35
"0000000013633543",1363354,"SV","Y","1995-07-28",,148.91,1116.71
"0000000013627632",1362763,"CK","Y","1995-06-23",,300.20,2.72
"0000000013630542",1363054,"CK","Y","1992-04-07",,2738.75,50.67
"4561143213634144",1363414,"CC","Y","1992-08-29",,268.21,202.13
"0000000013631122",1363112,"CK","Y","1994-07-08",,2759.11,1085.16
"0000000013634422",1363442,"CK","Y","1990-06-15",,787.03,90.63
"4561143213634214",1363421,"CC","Y","1988-09-19",,2828.16,814.67
"0000000013627003",1362700,"SV","Y","1994-02-22",,311.20,315.88
"0000000013629902",1362990,"CK","N","1994-03-03","1995-03-03",2824.68,625.42
"4561143213634844",1363484,"CC","Y","1994-01-19",,867.01,408.08
"0000000013634282",1363428,"CK","N","1993-12-01","1995-09-25",1145.06,274.96
"0000000013627112",1362711,"CK","Y","1995-08-09",,100.28,299.33
"4561143213628884",1362888,"CC","Y","1994-01-02",,11394.66,6454.87
"0000000013625263",1362526,"SV","Y","1994-03-15",,551.82,1145.74
"0000000013631453",1363145,"SV","N","1994-01-11","1995-05-08",109.29,444.57
"4561143213634264",1363426,"CC","Y","1991-11-03",,1808.40,917.28
"0000000013626873",1362687,"SV","Y","1994-07-14",,566.77,1111.42
"0000000013628242",1362824,"CK","Y","1993-04-19",,863.73,3.94
"0000000013627773",1362777,"SV","Y","1995-02-14",,327.10,29.46
"0000000013627812",1362781,"CK","Y","1995-08-26",,420.27,269.82
"0000000013633463",1363346,"SV","Y","1992-02-27",,327.16,332.08
"4561143213625774",1362577,"CC","Y","1995-04-06",,0.00,1808.22
"0000000013630462",1363046,"CK","Y","1994-04-03",,4107.57,520.05
"4561143213627664",1362766,"CC","N","1990-06-24","1995-12-05",4999.67,20.00
"0000000013634032",1363403,"CK","Y","1993-07-26",,4787.32,366.58
"0000000013632642",1363264,"CK","N","1994-03-24","1995-07-28",191.90,15.72
"4561143213634094",1363409,"CC","Y","1993-09-01",,977.54,160.42
"0000000013630132",1363013,"CK","Y","1995-05-23",,281.62,14.54
"0000000013631232",1363123,"CK","Y","1995-03-11",,7610.01,696.74
"0000000013626212",1362621,"CK","Y","1995-04-21",,2664.89,121.73
"0000000013634202",1363420,"CK","Y","1993-03-24",,2825.63,278.98
"0000000013632653",1363265,"SV","Y","1995-07-07",,193.55,900.52
"4561143213626534",1362653,"CC","Y","1995-09-25",,0.00,1188.57
"4561143213632594",1363259,"CC","Y","1988-03-11",,380.61,334.29
"4561143213625314",1362531,"CC","Y","1994-06-26",,2016.11,2200.00
"4561143213627254",1362725,"CC","Y","1995-02-27",,0.00,1939.63
"0000000013627542",1362754,"CK","Y","1990-01-11",,2611.38,68.84
"4561143213634444",1363444,"CC","Y","1995-03-19",,0.00,1000.00
"4561143213632714",1363271,"CC","Y","1994-04-25",,1872.82,1179.95
"4561143213630684",1363068,"CC","N","1991-11-19","1995-11-01",2143.15,20.00
"0000000013627363",1362736,"SV","Y","1994-06-02",,2147.68,2180.10
"0000000013633872",1363387,"CK","Y","1990-09-18",,176.97,959.60
"4561143213630164",1363016,"CC","Y","1991-09-12",,1219.77,1223.77
"0000000013632582",1363258,"CK","N","1994-12-15","1995-04-21",170.57,12.14
"0000000013630882",1363088,"CK","Y","1991-01-21",,180.12,769.47
"4561143213631264",1363126,"CC","Y","1995-02-05",,0.00,2900.00
"0000000013625972",1362597,"CK","Y","1991-02-04",,2533.42,416.76
"4561143213628354",1362835,"CC","Y","1988-05-23",,167.92,9.51
"0000000013626092",1362609,"CK","N","1994-06-14","1995-09-29",2563.27,15.38
"0000000013629643",1362964,"SV","N","1987-06-03","1995-07-13",118.49,119.39
"0000000013627462",1362746,"CK","Y","1995-08-23",,149.31,12.89
"0000000013629733",1362973,"SV","Y","1995-02-01",,2273.92,2570.30
"0000000013625692",1362569,"CK","Y","1995-04-06",,927.07,46.48
"4561143213628944",1362894,"CC","N","1994-03-06","1995-01-08",1500.62,1840.00
"0000000013631032",1363103,"CK","Y","1995-02-15",,601.02,29.87
"0000000013625302",1362530,"CK","Y","1995-04-25",,5316.47,17.30
"0000000013628813",1362881,"SV","Y","1995-09-11",,302.02,61.50
"4561143213626994",1362699,"CC","Y","1992-05-18",,151.63,677.69
"0000000013627132",1362713,"CK","Y","1995-11-04",,389.87,22.21
"4561143213630604",1363060,"CC","Y","1993-10-14",,1898.67,2192.95
"0000000013625423",1362542,"SV","Y","1995-10-27",,607.88,1654.74
"0000000013632502",1363250,"CK","N","1991-09-21","1995-08-03",657.67,257.48
"4561143213627054",1362705,"CC","Y","1995-02-01",,0.00,413.11
"4561143213629284",1362928,"CC","Y","1994-08-02",,949.02,596.11
"0000000013626062",1362606,"CK","Y","1995-10-10",,5103.77,1319.97
"4561143213631934",1363193,"CC","Y","1993-12-10",,1537.46,1442.00
"0000000013632912",1363291,"CK","Y","1995-10-10",,4361.14,521.21
"0000000013625283",1362528,"SV","Y","1986-01-13",,262.55,269.93
"0000000013625903",1362590,"SV","Y","1993-08-11",,541.95,558.44
"4561143213631824",1363182,"CC","Y","1995-04-25",,0.00,5100.00
"0000000013633483",1363348,"SV","Y","1993-08-24",,434.62,1628.76
"0000000013634583",1363458,"SV","Y","1992-01-06",,215.86,160.66
"0000000013626982",1362698,"CK","Y","1993-07-17",,6322.89,175.55
"0000000013630482",1363048,"CK","Y","1995-09-20",,403.50,274.93
"0000000013633342",1363334,"CK","Y","1993-04-30",,150.98,0.22
"0000000013632962",1363296,"CK","Y","1991-06-28",,2505.07,1.55
"0000000013634623",1363462,"SV","Y","1991-10-22",,299.07,2034.99
"4561143213629034",1362903,"CC","Y","1992-12-15",,1559.94,1500.00
"0000000013626593",1362659,"SV","Y","1995-05-23",,575.93,315.94
"0000000013632142",1363214,"CK","Y","1991-04-19",,4244.28,134.88
"0000000013631643",1363164,"SV","Y","1994-03-30",,169.19,258.05
"0000000013633943",1363394,"SV","Y","1987-06-12",,2238.98,2270.28
"4561143213629204",1362920,"CC","Y","1995-12-13",,0.00,0.00
"0000000013629752",1362975,"CK","N","1994-01-10","1995-03-16",258.05,282.92
"0000000013631733",1363173,"SV","N","1987-11-15","1995-12-05",984.06,382.80
"0000000013632153",1363215,"SV","Y","1995-10-17",,924.00,2689.95
"0000000013626713",1362671,"SV","Y","1995-05-26",,153.64,83.19
"4561143213632534",1363253,"CC","Y","1993-03-07",,1688.39,2000.00
"4561143213630834",1363083,"CC","Y","1995-03-07",,0.00,969.94
"0000000013630953",1363095,"SV","Y","1995-02-19",,2042.54,868.08
"0000000013634503",1363450,"SV","Y","1994-03-11",,136.04,1018.62
"0000000013626902",1362690,"CK","Y","1994-12-25",,3313.60,282.92
"0000000013634362",1363436,"CK","Y","1995-01-22",,387.11,218.93
"0000000013634913",1363491,"SV","N","1990-10-22","1995-04-19",205.45,17.82
"0000000013625072",1362507,"CK","Y","1995-02-10",,337.22,1087.84
"4561143213627494",1362749,"CC","Y","1993-03-08",,1391.01,3000.00
"4561143213633174",1363317,"CC","Y","1989-04-15",,1046.09,307.60
"4561143213631424",1363142,"CC","Y","1995-03-07",,0.00,1953.78
"0000000013625083",1362508,"SV","Y","1989-10-01",,121.64,255.11
"4561143213634084",1363408,"CC","Y","1990-01-12",,865.61,1800.00
"4561143213630184",1363018,"CC","Y","1994-02-26",,1409.42,2300.00
"0000000013632473",1363247,"SV","Y","1992-07-20",,278.43,339.33
"4561143213631284",1363128,"CC","Y","1995-03-01",,0.00,140.00
"0000000013631572",1363157,"CK","Y","1995-12-23",,9749.29,117.49
"4561143213628224",1362822,"CC","Y","1995-11-18",,0.00,1000.00
"4561143213628044",1362804,"CC","Y","1987-11-09",,8951.90,682.34
"0000000013634293",1363429,"SV","Y","1990-09-24",,169.38,171.90
"0000000013632343",1363234,"SV","Y","1988-05-14",,139.94,918.39
"0000000013632092",1363209,"CK","N","1986-02-03","1995-11-11",462.90,86.21
"0000000013634143",1363414,"SV","Y","1992-09-23",,991.56,1411.05
"0000000013625632",1362563,"CK","N","1992-05-01","1995-05-15",1025.99,490.56
"0000000013626202",1362620,"CK","Y","1994-03-30",,4233.57,243.04
"0000000013634213",1363421,"SV","Y","1988-09-19",,191.77,197.64
"0000000013627352",1362735,"CK","Y","1995-08-13",,2802.42,84.65
"0000000013630922",1363092,"CK","Y","1995-02-06",,171.80,38.20
"0000000013633712",1363371,"CK","Y","1991-05-30",,2788.06,54.50
"0000000013632012",1363201,"CK","Y","1995-04-23",,1194.44,777.16
"0000000013625003",1362500,"SV","Y","1995-12-08",,330.98,335.99
"4561143213626934",1362693,"CC","Y","1995-06-25",,0.00,1000.00
"4561143213634004",1363400,"CC","Y","1994-07-21",,3293.54,2186.72
"4561143213630374",1363037,"CC","Y","1995-11-12",,0.00,1000.00
"4561143213630434",1363043,"CC","Y","1994-10-04",,471.22,1000.00
"4561143213626444",1362644,"CC","Y","1991-07-06",,224.15,463.65
"4561143213630104",1363010,"CC","Y","1992-09-09",,29.12,648.51
"0000000013625112",1362511,"CK","Y","1993-11-18",,189.23,11.84
"4561143213633854",1363385,"CC","Y","1988-03-15",,834.47,0.00
"4561143213627524",1362752,"CC","N","1994-10-09","1995-04-02",2302.14,0.00
"0000000013627402",1362740,"CK","Y","1995-08-15",,1237.41,562.27
"0000000013627663",1362766,"SV","Y","1990-11-29",,11352.93,22432.78
"4561143213634574",1363457,"CC","Y","1988-04-23",,3028.68,4626.88
"0000000013625162",1362516,"CK","Y","1995-10-25",,3791.17,3291.88
"4561143213631084",1363108,"CC","Y","1994-06-30",,1149.32,458.67
"4561143213625664",1362566,"CC","N","1993-02-08","1995-12-19",4801.23,20.00
"0000000013632982",1363298,"CK","N","1993-09-17","1995-12-23",7460.23,170.04
"4561143213629394",1362939,"CC","Y","1994-01-14",,5484.95,772.03
"4561143213627184",1362718,"CC","Y","1994-12-17",,1928.33,78.80
"0000000013634332",1363433,"CK","Y","1993-06-08",,2529.78,1155.25
"0000000013630222",1363022,"CK","Y","1994-08-12",,312.18,1184.76
"0000000013625862",1362586,"CK","Y","1995-10-21",,167.76,260.70
"0000000013628152",1362815,"CK","Y","1994-03-04",,2778.26,816.60
"4561143213630354",1363035,"CC","Y","1995-08-19",,0.00,0.00
"0000000013628803",1362880,"SV","Y","1992-11-01",,232.19,551.31
"0000000013629933",1362993,"SV","Y","1995-03-06",,147.68,435.70
"0000000013629823",1362982,"SV","Y","1989-11-14",,2167.79,3313.65
"0000000013627253",1362725,"SV","Y","1995-01-30",,17303.42,16095.50
"0000000013629382",1362938,"CK","N","1994-11-19","1995-09-11",2677.70,417.89
"0000000013630672",1363067,"CK","Y","1994-09-26",,238.18,0.00
"4561143213625254",1362525,"CC","Y","1992-04-20",,2901.68,1051.01
"4561143213626424",1362642,"CC","Y","1993-05-11",,771.16,1000.00
"0000000013632713",1363271,"SV","Y","1994-04-25",,284.06,678.94
"4561143213634754",1363475,"CC","Y","1993-08-07",,3502.43,727.20
"0000000013628483",1362848,"SV","Y","1990-08-07",,5265.17,4844.42
"4561143213632844",1363284,"CC","Y","1990-07-21",,832.94,965.92
"0000000013632282",1363228,"CK","Y","1995-04-10",,355.61,206.69
"4561143213629364",1362936,"CC","Y","1995-01-25",,0.00,244.47
"4561143213633454",1363345,"CC","Y","1994-08-28",,2406.56,2700.00
"0000000013625553",1362555,"SV","Y","1993-05-14",,411.52,260.59
"4561143213627374",1362737,"CC","Y","1995-10-09",,0.00,6600.00
"4561143213627434",1362743,"CC","Y","1995-10-09",,0.00,3000.00
"0000000013629972",1362997,"CK","Y","1993-11-28",,229.36,222.05
"0000000013631263",1363126,"SV","Y","1995-05-01",,951.62,3138.91
"0000000013632763",1363276,"SV","Y","1995-03-26",,812.36,2037.38
"0000000013628353",1362835,"SV","Y","1989-03-31",,2030.24,2060.90
"0000000013625462",1362546,"CK","Y","1990-02-19",,2657.17,84.83
"0000000013628943",1362894,"SV","Y","1990-02-03",,2013.26,360.28
"0000000013630022",1363002,"CK","Y","1991-09-09",,391.16,1137.89
"0000000013633532",1363353,"CK","Y","1989-06-23",,4993.96,13.96
"0000000013627222",1362722,"CK","Y","1995-07-21",,6217.18,696.51
"0000000013630603",1363060,"SV","Y","1990-11-03",,675.99,1441.88
"0000000013629612",1362961,"CK","N","1994-05-31","1995-03-03",2541.98,413.73
"0000000013625132",1362513,"CK","Y","1995-11-26",,266.76,661.68
"0000000013626752",1362675,"CK","Y","1992-05-29",,2793.52,2009.72
"4561143213632124",1363212,"CC","Y","1990-04-06",,1885.71,3000.00
"4561143213628174",1362817,"CC","Y","1987-02-11",,206.66,1000.00
"0000000013627053",1362705,"SV","Y","1995-12-02",,221.12,1415.16
"0000000013631933",1363193,"SV","Y","1992-10-19",,282.76,598.57
"0000000013634952",1363495,"CK","Y","1995-09-27",,2605.49,178.50
"0000000013634903",1363490,"SV","Y","1994-11-27",,2267.29,2301.53
"4561143213632824",1363282,"CC","Y","1988-01-12",,46.42,272.69
"0000000013631823",1363182,"SV","Y","1995-11-28",,3136.49,753.69
"0000000013632082",1363208,"CK","Y","1995-05-16",,100.59,59.37
"0000000013631382",1363138,"CK","Y","1993-02-17",,103.39,15.52
"4561143213631754",1363175,"CC","Y","1994-11-30",,2179.20,1148.45
"0000000013627672",1362767,"CK","Y","1993-02-21",,235.40,193.12
"0000000013628322",1362832,"CK","Y","1995-10-11",,838.43,49.08
"4561143213625684",1362568,"CC","Y","1995-02-03",,0.00,0.00
"4561143213633564",1363356,"CC","Y","1991-03-11",,482.15,1000.00
"0000000013631972",1363197,"CK","Y","1993-10-10",,2696.67,158.09
"0000000013625882",1362588,"CK","Y","1992-09-12",,230.67,5.87
"0000000013629033",1362903,"SV","Y","1995-10-02",,3317.38,3704.80
"4561143213629334",1362933,"CC","Y","1990-02-02",,767.27,899.08
"0000000013631692",1363169,"CK","N","1994-03-18","1995-11-26",169.00,0.00
"0000000013629203",1362920,"SV","Y","1995-11-04",,718.13,739.98
"4561143213632234",1363223,"CC","Y","1992-06-13",,657.55,586.29
"4561143213630044",1363004,"CC","Y","1993-04-15",,36.38,505.43
"0000000013627022",1362702,"CK","Y","1993-08-30",,318.20,428.94
"0000000013632533",1363253,"SV","N","1992-04-09","1995-11-01",1241.42,1701.18
"0000000013632002",1363200,"CK","Y","1992-04-10",,2801.98,955.03
"0000000013630833",1363083,"SV","Y","1992-02-12",,5830.18,6325.98
"0000000013631302",1363130,"CK","Y","1993-11-07",,243.61,130.75
"0000000013627493",1362749,"SV","N","1993-03-08","1995-09-17",147.15,136.05
"0000000013633173",1363317,"SV","Y","1988-12-26",,183.77,186.53
"0000000013631612",1363161,"CK","Y","1995-02-18",,2655.35,39.09
"0000000013631423",1363142,"SV","Y","1995-03-15",,398.62,404.63
"0000000013630172",1363017,"CK","Y","1994-03-19",,2694.91,147.15
"0000000013634083",1363408,"SV","Y","1990-01-12",,373.08,1056.10
"4561143213634384",1363438,"CC","Y","1994-07-16",,1018.92,684.30
"0000000013630183",1363018,"SV","Y","1994-10-28",,11793.93,9387.66
"0000000013631283",1363128,"SV","Y","1994-04-27",,2178.79,2211.69
"0000000013625802",1362580,"CK","Y","1992-12-01",,376.21,29.97
"0000000013628223",1362822,"SV","Y","1994-11-13",,160.93,523.43
"0000000013630872",1363087,"CK","Y","1993-09-29",,320.68,30.86
"4561143213626574",1362657,"CC","Y","1995-03-15",,0.00,0.00
"0000000013628043",1362804,"SV","Y","1987-11-09",,445.15,450.37
"0000000013626332",1362633,"CK","N","1992-07-16","1995-09-30",4224.91,234.20
"0000000013625482",1362548,"CK","Y","1986-11-11",,6004.34,569.65
"0000000013629632",1362963,"CK","Y","1991-11-23",,325.98,127.65
"0000000013632623",1363262,"SV","Y","1994-07-15",,1919.95,6027.35
"4561143213633644",1363364,"CC","N","1989-11-23","1995-07-23",1783.86,1785.97
"4561143213631334",1363133,"CC","Y","1989-10-20",,1656.70,0.00
"0000000013634052",1363405,"CK","Y","1995-02-27",,238.10,344.52
"0000000013626933",1362693,"SV","Y","1995-02-06",,167.24,10.34
"4561143213626314",1362631,"CC","Y","1991-06-17",,759.86,575.00
"0000000013634003",1363400,"SV","Y","1993-08-22",,565.38,137.85
"0000000013630373",1363037,"SV","Y","1992-04-01",,310.41,2054.92
"0000000013630433",1363043,"SV","Y","1994-12-31",,522.81,1379.43
"0000000013626443",1362644,"SV","Y","1995-06-10",,130.48,132.42
"0000000013626823",1362682,"SV","Y","1995-04-01",,240.19,243.79
"0000000013630103",1363010,"SV","Y","1992-09-09",,226.58,883.63
"0000000013629112",1362911,"CK","Y","1992-05-26",,225.66,43.24
"0000000013632752",1363275,"CK","Y","1994-03-02",,229.67,46.55
"0000000013632703",1363270,"SV","Y","1995-12-17",,549.07,380.05
"4561143213634614",1363461,"CC","Y","1993-09-19",,1575.67,1610.70
"4561143213625724",1362572,"CC","Y","1993-08-30",,379.26,369.97
"0000000013633853",1363385,"SV","Y","1995-07-20",,504.61,1720.35
"0000000013625942",1362594,"CK","Y","1995-04-29",,14213.05,4418.79
"0000000013627523",1362752,"SV","Y","1995-02-20",,600.26,609.33
"4561143213634274",1363427,"CC","N","1990-06-10","1995-12-22",2575.11,20.00
"0000000013627833",1362783,"SV","Y","1987-06-06",,276.90,699.58
"0000000013629812",1362981,"CK","Y","1995-09-04",,178.41,260.03
"4561143213629954",1362995,"CC","N","1994-03-07","1995-12-26",1660.56,21.66
"4561143213626364",1362636,"CC","Y","1987-08-30",,1038.96,1000.00
"0000000013634812",1363481,"CK","Y","1993-10-19",,202.56,25.94
"0000000013631072",1363107,"CK","N","1994-12-17","1995-02-10",256.32,28.08
"4561143213629664",1362966,"CC","Y","1994-10-03",,3100.57,1586.27
"0000000013634573",1363457,"SV","Y","1988-04-23",,1415.45,3028.72
"0000000013625402",1362540,"CK","Y","1995-06-30",,10618.86,1515.35
"0000000013631083",1363108,"SV","Y","1993-07-22",,220.08,360.12
"0000000013627172",1362717,"CK","Y","1995-03-28",,311.91,248.16
"0000000013628642",1362864,"CK","Y","1995-05-21",,156.93,479.29
"0000000013629393",1362939,"SV","Y","1993-01-18",,1637.19,1173.89
"0000000013627183",1362718,"SV","Y","1994-12-29",,1861.61,1918.23
"0000000013629862",1362986,"CK","Y","1995-11-09",,5870.86,4690.94
"0000000013626233",1362623,"SV","Y","1995-03-26",,139.52,140.14
"0000000013628532",1362853,"CK","Y","1995-09-13",,3648.96,1875.77
"0000000013630353",1363035,"SV","Y","1995-01-13",,734.38,756.72
"0000000013629742",1362974,"CK","Y","1995-06-30",,383.02,953.53
"0000000013634742",1363474,"CK","Y","1993-12-17",,2681.98,30.89
"0000000013633932",1363393,"CK","Y","1994-06-10",,203.46,174.05
"4561143213629254",1362925,"CC","Y","1993-04-20",,264.68,602.03
"0000000013629542",1362954,"CK","Y","1995-12-16",,5504.29,301.79
"0000000013634492",1363449,"CK","Y","1995-08-17",,331.36,1572.98
"0000000013625253",1362525,"SV","Y","1990-10-17",,284.65,313.46
"4561143213633994",1363399,"CC","Y","1994-08-13",,428.31,0.00
"0000000013633822",1363382,"CK","Y","1995-05-10",,2694.39,1544.52
"0000000013626423",1362642,"SV","Y","1994-09-25",,180.22,91.21
"0000000013629553",1362955,"SV","Y","1995-07-19",,162.27,627.76
"0000000013632843",1363284,"SV","Y","1992-01-26",,1454.16,860.93
"0000000013629363",1362936,"SV","Y","1995-02-15",,746.54,792.11
"4561143213633704",1363370,"CC","Y","1993-04-27",,294.72,746.60
"0000000013625922",1362592,"CK","Y","1995-03-01",,922.69,343.51
"0000000013627433",1362743,"SV","Y","1995-02-13",,2205.14,2885.15
"4561143213627654",1362765,"CC","Y","1993-01-27",,902.92,999.18
"0000000013629412",1362941,"CK","Y","1989-08-12",,323.06,4.54
"4561143213631954",1363195,"CC","Y","1995-11-14",,0.00,1000.00
"4561143213632574",1363257,"CC","Y","1995-02-12",,0.00,2275.24
"0000000013633232",1363323,"CK","Y","1988-05-09",,12005.31,1083.14
"0000000013632332",1363233,"CK","Y","1995-07-01",,5230.56,313.60
"0000000013634132",1363413,"CK","Y","1995-06-17",,141.77,131.81
"0000000013630592",1363059,"CK","Y","1995-01-20",,3468.86,24.41
"4561143213633144",1363314,"CC","Y","1991-02-08",,2393.16,366.31
"0000000013628173",1362817,"SV","Y","1991-03-28",,143.63,754.80
"0000000013633422",1363342,"CK","Y","1994-09-05",,224.60,14.45
"4561143213633214",1363321,"CC","Y","1992-01-09",,2076.51,1133.39
"4561143213629054",1362905,"CC","Y","1990-09-02",,737.20,915.75
"0000000013634522",1363452,"CK","Y","1995-01-28",,326.84,428.70
"0000000013625053",1362505,"SV","N","1992-06-12","1995-11-04",310.45,205.68
"0000000013634832",1363483,"CK","Y","1995-01-07",,144.64,403.75
"0000000013630712",1363071,"CK","Y","1994-01-24",,2606.90,175.42
"4561143213633844",1363384,"CC","Y","1994-11-07",,6541.09,2231.29
"0000000013626072",1362607,"CK","Y","1993-06-29",,290.21,165.23
"0000000013628873",1362887,"SV","N","1991-05-10","1995-01-14",591.90,4262.93
"0000000013633513",1363351,"SV","N","1991-04-25","1995-05-01",212.73,213.81
"0000000013631542",1363154,"CK","Y","1991-02-12",,129.88,20.03
"4561143213633264",1363326,"CC","Y","1995-07-06",,0.00,0.00
"4561143213632364",1363236,"CC","Y","1991-02-06",,5922.77,1555.34
"0000000013625683",1362568,"SV","Y","1995-01-10",,284.16,386.20
"0000000013630762",1363076,"CK","Y","1995-04-03",,918.78,67.30
"0000000013633563",1363356,"SV","Y","1993-09-09",,285.45,148.06
"0000000013631412",1363141,"CK","Y","1994-01-17",,142.78,563.15
"4561143213624894",1362489,"CC","N","1990-08-16","1995-09-18",1465.41,20.00
"4561143213626974",1362697,"CC","Y","1995-11-24",,0.00,0.00
"0000000013629333",1362933,"SV","Y","1995-06-03",,268.67,17.18
"0000000013633032",1363303,"CK","Y","1995-02-18",,2789.57,39.22
"4561143213634864",1363486,"CC","Y","1995-12-08",,0.00,0.00
"0000000013632233",1363223,"SV","Y","1992-06-13",,2653.96,2771.42
"0000000013630043",1363004,"SV","Y","1993-06-17",,167.29,169.81
"0000000013626192",1362619,"CK","Y","1994-11-30",,4071.26,759.22
"0000000013624882",1362488,"CK","Y","1989-10-31",,4234.94,122.42
"4561143213626304",1362630,"CC","N","1992-03-31","1995-03-19",2016.58,962.62
"4561143213629604",1362960,"CC","Y","1986-07-24",,5951.37,8600.00
"0000000013632612",1363261,"CK","Y","1992-03-11",,4185.93,1606.69
"0000000013626112",1362611,"CK","Y","1987-08-22",,362.81,361.31
"4561143213633444",1363344,"CC","Y","1993-06-22",,690.04,1000.00
"0000000013627592",1362759,"CK","Y","1993-05-27",,433.27,4.62
"4561143213634544",1363454,"CC","Y","1990-08-10",,2670.27,1336.40
"0000000013634383",1363438,"SV","Y","1993-03-02",,154.44,95.30
"0000000013632272",1363227,"CK","Y","1995-12-02",,2524.76,3342.38
"0000000013629802",1362980,"CK","Y","1993-07-10",,2778.92,118.27
"4561143213628584",1362858,"CC","Y","1995-01-05",,0.00,708.20
"0000000013632662",1363266,"CK","Y","1995-11-19",,2820.64,1.98
"4561143213627154",1362715,"CC","Y","1989-11-11",,418.99,933.22
"4561143213633064",1363306,"CC","Y","1995-02-17",,0.00,137.40
"4561143213634414",1363441,"CC","Y","1986-08-05",,854.16,32.33
"0000000013629482",1362948,"CK","Y","1994-09-26",,3708.36,554.35
"4561143213633984",1363398,"CC","Y","1995-01-14",,0.00,1000.00
"0000000013627762",1362776,"CK","Y","1995-01-17",,2732.30,31.28
"0000000013624802",1362480,"CK","Y","1992-12-23",,331.85,86.86
"0000000013634693",1363469,"SV","Y","1995-04-08",,2055.19,1701.12
"0000000013628822",1362882,"CK","Y","1991-02-16",,315.99,4.69
"0000000013632033",1363203,"SV","Y","1995-06-23",,2704.88,3216.39
"0000000013631333",1363133,"SV","Y","1989-10-20",,173.72,1082.35
"0000000013626313",1362631,"SV","Y","1991-06-17",,525.37,533.30
"4561143213629724",1362972,"CC","Y","1994-06-24",,1837.24,711.32
"4561143213626254",1362625,"CC","Y","1989-01-03",,3191.36,735.29
"4561143213628504",1362850,"CC","Y","1991-07-18",,245.09,37.88
"0000000013625723",1362572,"SV","Y","1993-11-17",,202.51,432.85
"4561143213629524",1362952,"CC","Y","1994-06-04",,3038.80,782.77
"0000000013629953",1362995,"SV","Y","1989-08-18",,473.67,2978.58
"0000000013633772",1363377,"CK","Y","1995-04-13",,2731.16,146.50
"0000000013628982",1362898,"CK","Y","1995-11-06",,356.91,219.21
"0000000013629663",1362966,"SV","Y","1993-10-17",,174.49,124.13
"4561143213633284",1363328,"CC","Y","1995-03-29",,0.00,538.93
"4561143213631604",1363160,"CC","Y","1988-10-12",,657.46,286.69
"4561143213633904",1363390,"CC","Y","1995-04-06",,0.00,1860.67
"0000000013634663",1363466,"SV","Y","1989-11-27",,542.05,1100.90
"0000000013630782",1363078,"CK","Y","1995-09-12",,301.36,167.83
"4561143213629184",1362918,"CC","Y","1994-01-15",,345.50,1000.00
"4561143213628294",1362829,"CC","Y","1995-03-01",,0.00,2033.41
"4561143213632974",1363297,"CC","Y","1990-02-15",,805.70,67.82
"0000000013625872",1362587,"CK","Y","1990-08-08",,2520.63,292.00
"0000000013629242",1362924,"CK","Y","1992-08-22",,2593.78,0.00
"4561143213628144",1362814,"CC","Y","1995-08-06",,0.00,1000.00
"4561143213628214",1362821,"CC","Y","1994-10-25",,967.86,0.00
"0000000013633312",1363331,"CK","Y","1991-04-22",,4246.48,2897.68
"0000000013629253",1362925,"SV","Y","1993-03-14",,592.32,1770.46
"4561143213626634",1362663,"CC","Y","1991-11-04",,1828.87,4400.00
"0000000013632192",1363219,"CK","Y","1989-03-05",,4312.10,13.46
"0000000013629922",1362992,"CK","Y","1995-06-02",,272.23,5.85
"0000000013633703",1363370,"SV","Y","1993-10-05",,146.95,149.17
"4561143213626054",1362605,"CC","Y","1991-01-11",,705.21,1000.00
"0000000013634922",1363492,"CK","Y","1991-12-31",,1350.61,106.14
"0000000013630702",1363070,"CK","Y","1994-09-01",,212.25,307.97
"4561143213629374",1362937,"CC","N","1994-07-22","1995-11-10",1671.88,0.00
"0000000013627653",1362765,"SV","N","1992-11-03","1995-02-04",153.00,1363.11
"0000000013633362",1363336,"CK","Y","1993-01-10",,4355.05,195.15
"0000000013625373",1362537,"SV","Y","1990-03-25",,121.43,1603.69
"0000000013632682",1363268,"CK","N","1989-06-25","1995-02-24",192.61,1094.41
"4561143213633084",1363308,"CC","N","1994-08-10","1995-04-15",2794.47,498.06
"0000000013631953",1363195,"SV","Y","1993-09-24",,291.56,764.77
"4561143213632954",1363295,"CC","Y","1989-05-03",,969.91,1000.00
"0000000013632573",1363257,"SV","Y","1993-09-08",,273.21,1209.67
"0000000013631402",1363140,"CK","Y","1994-07-31",,237.14,0.00
"4561143213627714",1362771,"CC","Y","1993-11-12",,1127.54,1200.00
"0000000013632162",1363216,"CK","Y","1993-12-31",,2272.32,1015.46
"4561143213628094",1362809,"CC","Y","1989-01-31",,2481.47,0.00
"0000000013628202",1362820,"CK","Y","1990-05-10",,27072.38,13185.47
"0000000013627582",1362758,"CK","Y","1994-11-03",,2578.51,407.32
"4561143213634484",1363448,"CC","Y","1995-01-09",,0.00,1400.00
"4561143213626864",1362686,"CC","Y","1995-04-25",,0.00,99.90
"0000000013629042",1362904,"CK","Y","1987-03-23",,286.22,461.88
"4561143213628014",1362801,"CC","Y","1994-02-28",,393.80,45.23
"4561143213628444",1362844,"CC","Y","1993-04-08",,420.49,584.13
"0000000013633213",1363321,"SV","Y","1994-07-23",,172.70,1009.61
"0000000013629053",1362905,"SV","Y","1991-05-30",,522.29,688.98
"4561143213634354",1363435,"CC","Y","1991-02-15",,535.71,643.34
"0000000013628082",1362808,"CK","N","1993-12-12","1995-02-15",4076.50,1724.92
"0000000013633843",1363384,"SV","Y","1992-04-11",,823.50,3419.28
"0000000013632542",1363254,"CK","N","1991-07-25","1995-03-14",318.71,737.37
"0000000013630842",1363084,"CK","Y","1995-07-10",,4473.55,1909.09
"4561143213626494",1362649,"CC","Y","1992-06-17",,187.17,1000.00
"0000000013629672",1362967,"CK","Y","1992-09-19",,170.42,271.49
"4561143213628064",1362806,"CC","Y","1994-11-27",,214.46,1541.64
"0000000013633263",1363326,"SV","Y","1995-03-25",,570.24,578.09
"0000000013629683",1362968,"SV","Y","1994-08-30",,795.43,510.19
"0000000013631922",1363192,"CK","Y","1992-08-27",,1316.25,42.85
"0000000013632363",1363236,"SV","Y","1994-09-19",,288.72,1067.70
"0000000013626802",1362680,"CK","Y","1993-10-22",,235.29,848.22
"0000000013627702",1362770,"CK","Y","1994-09-24",,407.29,237.69
"0000000013624893",1362489,"SV","Y","1993-09-13",,760.24,373.65
"0000000013626973",1362697,"SV","Y","1994-07-15",,598.02,596.47
"4561143213626414",1362641,"CC","Y","1988-11-28",,502.37,172.99
"0000000013627912",1362791,"CK","Y","1994-02-24",,2671.00,874.16
"4561143213628234",1362823,"CC","N","1989-06-12","1995-04-18",2194.14,98.04
"0000000013630092",1363009,"CK","Y","1995-04-09",,12692.83,9253.73
"0000000013629022",1362902,"CK","Y","1990-11-11",,117.73,112.94
"0000000013627962",1362796,"CK","Y","1989-10-06",,251.12,254.93
"0000000013634022",1363402,"CK","Y","1995-02-19",,3294.44,9.62
"0000000013625243",1362524,"SV","Y","1988-07-18",,147.65,619.05
"0000000013630122",1363012,"CK","Y","1993-05-13",,1115.62,5.59
"0000000013629603",1362960,"SV","Y","1986-07-24",,6223.15,6273.27
"4561143213632634",1363263,"CC","Y","1995-03-29",,0.00,1218.94
"0000000013629493",1362949,"SV","Y","1994-08-03",,102.63,389.24
"0000000013633013",1363301,"SV","Y","1995-03-23",,292.49,417.32
"0000000013624863",1362486,"SV","Y","1989-07-13",,284.48,116.24
"4561143213626134",1362613,"CC","Y","1989-01-21",,248.01,1000.00
"0000000013634652",1363465,"CK","Y","1995-12-29",,2605.30,1632.35
"0000000013628772",1362877,"CK","Y","1993-03-16",,100.36,612.35
"0000000013633443",1363344,"SV","Y","1995-12-20",,108.33,253.92
"4561143213626724",1362672,"CC","Y","1995-08-14",,0.00,226.57
"0000000013630932",1363093,"CK","Y","1986-05-30",,112.89,1079.16
"0000000013634543",1363454,"SV","Y","1990-08-10",,253.30,782.26
"0000000013626942",1362694,"CK","Y","1995-08-12",,3993.34,93.66
"4561143213632054",1363205,"CC","Y","1994-05-28",,2825.91,684.12
"4561143213626834",1362683,"CC","Y","1992-09-15",,2896.67,5359.08
"0000000013628583",1362858,"SV","Y","1994-12-16",,1561.41,592.84
"0000000013627153",1362715,"SV","Y","1989-11-11",,110.12,195.07
"0000000013633063",1363306,"SV","Y","1995-05-28",,698.96,1193.26
"0000000013627842",1362784,"CK","Y","1995-01-24",,7450.72,1095.71
"0000000013628392",1362839,"CK","Y","1992-06-01",,8885.44,32.80
"4561143213627534",1362753,"CC","Y","1993-01-03",,2204.46,3000.00
"0000000013630062",1363006,"CK","Y","1995-04-05",,2760.46,897.68
"0000000013634413",1363441,"SV","N","1986-08-05","1995-08-23",118.53,581.29
"0000000013631672",1363167,"CK","Y","1993-03-07",,5488.09,68.61
"0000000013625512",1362551,"CK","Y","1995-09-18",,352.97,2044.22
"0000000013632182",1363218,"CK","Y","1995-04-26",,2812.42,380.37
"0000000013631683",1363168,"SV","Y","1995-02-10",,1210.75,2333.47
"0000000013627853",1362785,"SV","Y","1993-06-25",,349.70,337.90
"0000000013627262",1362726,"CK","Y","1995-04-18",,180.28,13.37
"4561143213624924",1362492,"CC","Y","1995-08-09",,0.00,2000.00
"0000000013632882",1363288,"CK","Y","1995-02-20",,640.62,1393.38
"0000000013628312",1362831,"CK","N","1994-11-08","1995-02-22",2170.02,123.78
"0000000013628993",1362899,"SV","Y","1993-04-30",,1769.93,1823.77
"0000000013628752",1362875,"CK","Y","1990-02-28",,147.02,1174.11
"0000000013629723",1362972,"SV","Y","1992-02-28",,493.93,680.94
"0000000013627343",1362734,"SV","N","1993-08-20","1995-08-29",434.71,438.53
"0000000013628552",1362855,"CK","Y","1994-09-02",,202.30,1070.87
"4561143213634224",1363422,"CC","N","1992-10-24","1995-12-09",1772.11,20.00
"0000000013628503",1362850,"SV","Y","1991-07-29",,118.45,120.25
"0000000013627092",1362709,"CK","Y","1991-08-25",,2254.04,185.90
"0000000013629523",1362952,"SV","N","1992-01-26","1995-03-31",231.89,232.76
"0000000013628913",1362891,"SV","Y","1990-11-02",,767.62,1743.57
"0000000013631652",1363165,"CK","Y","1990-01-20",,2244.10,95.80
"4561143213626374",1362637,"CC","Y","1995-06-11",,0.00,1200.00
"0000000013632102",1363210,"CK","Y","1995-06-05",,2042.38,121.53
"0000000013633283",1363328,"SV","Y","1995-12-28",,102.26,1308.55
"0000000013631603",1363160,"SV","Y","1988-05-09",,113.04,122.54
"0000000013633952",1363395,"CK","Y","1987-01-26",,2555.08,1520.90
"4561143213626434",1362643,"CC","N","1992-02-27","1995-04-28",1536.24,559.57
"4561143213632494",1363249,"CC","Y","1993-04-18",,2615.76,3082.05
"0000000013633903",1363390,"SV","Y","1995-10-18",,253.08,740.57
"0000000013632383",1363238,"SV","Y","1991-07-11",,189.51,192.39
"0000000013629172",1362917,"CK","Y","1989-01-18",,447.68,45.45
"0000000013627012",1362701,"CK","Y","1994-01-22",,217.14,223.09
"0000000013627442",1362744,"CK","Y","1995-08-03",,219.21,205.93
"4561143213634674",1363467,"CC","Y","1993-06-30",,1193.89,1500.00
"0000000013629183",1362918,"SV","Y","1995-08-31",,318.67,270.70
"0000000013632802",1363280,"CK","Y","1993-11-22",,275.60,269.95
"0000000013628293",1362829,"SV","Y","1995-12-12",,669.51,2510.16
"4561143213630264",1363026,"CC","Y","1991-06-08",,1421.82,2500.00
"4561143213632414",1363241,"CC","Y","1992-07-18",,287.85,1352.70
"0000000013630032",1363003,"CK","Y","1990-08-16",,153.23,177.26
"0000000013632352",1363235,"CK","Y","1993-09-29",,2887.85,1067.57
"0000000013626053",1362605,"SV","Y","1994-03-26",,593.88,611.94
"4561143213632134",1363213,"CC","Y","1995-03-29",,0.00,1046.11
"0000000013625653",1362565,"SV","Y","1986-05-22",,319.68,941.16
"4561143213632724",1363272,"CC","Y","1995-08-11",,0.00,1016.12
"0000000013634152",1363415,"CK","Y","1995-12-29",,2717.85,21.41
"4561143213625794",1362579,"CC","N","1992-01-19","1995-06-25",2529.61,1050.00
"0000000013634103",1363410,"SV","Y","1995-05-26",,869.13,895.56
"4561143213632524",1363252,"CC","Y","1994-02-23",,776.26,1000.00
"4561143213630824",1363082,"CC","Y","1993-10-18",,819.46,907.82
"0000000013633083",1363308,"SV","Y","1994-08-10",,374.47,1585.57
"4561143213628574",1362857,"CC","Y","1994-02-20",,13.11,357.00
"4561143213632834",1363283,"CC","Y","1995-04-18",,0.00,1100.00
"0000000013632953",1363295,"SV","Y","1989-05-03",,130.66,222.18
"0000000013626813",1362681,"SV","Y","1995-05-25",,3232.61,3629.45
"0000000013627713",1362771,"SV","Y","1995-12-02",,215.21,2361.62
"0000000013628093",1362809,"SV","Y","1989-01-31",,270.75,274.83
"4561143213630064",1363006,"CC","Y","1995-07-18",,0.00,1628.72
"0000000013631172",1363117,"CK","Y","1990-12-14",,451.14,0.00
"0000000013634472",1363447,"CK","Y","1994-02-12",,2560.04,346.08
"0000000013625782",1362578,"CK","Y","1993-07-11",,2621.11,211.68
"0000000013634483",1363448,"SV","Y","1990-10-13",,860.18,1763.31
"0000000013626863",1362686,"SV","Y","1995-03-06",,147.46,162.53
"0000000013624852",1362485,"CK","Y","1995-09-26",,209.78,45.49
"0000000013631872",1363187,"CK","N","1990-05-07","1995-08-24",368.70,22.94
"0000000013634342",1363434,"CK","Y","1992-06-29",,5344.31,22.53
"0000000013630643",1363064,"SV","Y","1995-06-09",,220.97,1103.03
"0000000013628443",1362844,"SV","Y","1994-08-17",,142.75,1493.41
"0000000013626743",1362674,"SV","N","1994-06-21","1995-06-27",128.40,8.21
"0000000013633052",1363305,"CK","Y","1995-02-25",,315.42,31.90
"0000000013625622",1362562,"CK","Y","1995-11-17",,7997.57,5521.65
"0000000013633892",1363389,"CK","Y","1993-08-09",,2580.12,300.18
"4561143213627094",1362709,"CC","Y","1993-03-15",,266.34,496.15
"0000000013633112",1363311,"CK","Y","1995-07-06",,11017.13,968.46
"4561143213631024",1363102,"CC","Y","1995-11-30",,0.00,1000.00
"0000000013628972",1362897,"CK","Y","1995-08-01",,152.12,52.33
"0000000013627202",1362720,"CK","Y","1995-11-14",,1074.16,216.74
"0000000013629452",1362945,"CK","Y","1992-02-22",,204.67,375.14
"0000000013633773",1363377,"SV","Y","1994-07-01",,610.91,1782.06
"0000000013629403",1362940,"SV","Y","1993-09-22",,165.68,778.84
"4561143213631654",1363165,"CC","Y","1989-09-10",,261.21,429.34
"4561143213632104",1363210,"CC","Y","1995-01-26",,0.00,889.68
"4561143213633954",1363395,"CC","N","1987-01-26","1995-05-19",3072.77,730.00
"4561143213629174",1362917,"CC","Y","1995-12-13",,0.00,6800.00
"4561143213627014",1362701,"CC","Y","1995-11-08",,0.00,0.00
"0000000013630783",1363078,"SV","Y","1992-08-26",,127.81,596.38
"0000000013633162",1363316,"CK","Y","1992-02-21",,116.05,947.22
"4561143213627444",1362744,"CC","Y","1988-04-08",,328.50,682.28
"0000000013631852",1363185,"CK","N","1994-08-02","1995-09-22",2713.04,867.84
"0000000013631803",1363180,"SV","Y","1995-06-26",,766.58,405.61
"4561143213632804",1363280,"CC","Y","1993-03-10",,328.17,1000.00
"0000000013627082",1362708,"CK","Y","1993-08-04",,279.44,325.81
"0000000013633393",1363339,"SV","Y","1994-11-26",,182.39,522.48
"0000000013628302",1362830,"CK","Y","1992-10-29",,114.07,528.25
"0000000013625873",1362587,"SV","Y","1995-01-31",,628.68,1596.17
"0000000013629322",1362932,"CK","Y","1994-04-18",,384.55,500.83
"0000000013629243",1362924,"SV","Y","1994-03-08",,5131.67,5287.76
"0000000013629792",1362979,"CK","Y","1990-12-05",,254.20,292.07
"0000000013632222",1363222,"CK","Y","1995-12-16",,189.85,839.81
"0000000013628272",1362827,"CK","Y","1994-05-09",,2569.45,17.21
"0000000013633313",1363331,"SV","Y","1991-06-06",,905.15,743.04
"0000000013628903",1362890,"SV","N","1990-05-23","1995-01-18",104.78,104.78
"0000000013633542",1363354,"CK","Y","1994-03-27",,1045.26,48.90
"0000000013631353",1363135,"SV","N","1990-04-29","1995-06-19",533.67,540.37
"0000000013634923",1363492,"SV","Y","1991-12-31",,952.38,1116.10
"0000000013630703",1363070,"SV","Y","1995-10-08",,819.37,844.28
"0000000013633553",1363355,"SV","Y","1995-03-07",,2062.29,2229.96
"0000000013629712",1362971,"CK","Y","1995-09-06",,3365.88,185.40
"0000000013633363",1363336,"SV","Y","1993-01-10",,241.37,126.05
"0000000013627002",1362700,"CK","Y","1995-05-28",,2729.91,4494.03
"0000000013631943",1363194,"SV","N","1990-09-25","1995-04-21",210.50,455.67
"4561143213632944",1363294,"CC","Y","1995-12-26",,0.00,3157.90
"0000000013630913",1363091,"SV","Y","1995-11-05",,2303.88,2338.68
"0000000013632683",1363268,"SV","Y","1989-06-25",,498.64,180.08
"4561143213634854",1363485,"CC","Y","1989-07-05",,4161.24,1000.00
"0000000013625262",1362526,"CK","Y","1995-06-26",,2885.72,140.01
"0000000013631452",1363145,"CK","Y","1995-01-22",,186.89,168.44
"0000000013631403",1363140,"SV","Y","1995-01-05",,106.46,896.45
"0000000013626872",1362687,"CK","Y","1989-09-02",,139.66,194.38
"0000000013632163",1363216,"SV","Y","1995-08-13",,136.52,105.54
"4561143213629474",1362947,"CC","Y","1995-10-27",,0.00,1000.00
"0000000013633462",1363346,"CK","Y","1994-09-04",,4428.89,1290.34
"4561143213631174",1363117,"CC","Y","1992-06-04",,1568.22,1112.80
"0000000013634562",1363456,"CK","Y","1995-03-11",,113.11,1051.46
"4561143213634474",1363447,"CC","Y","1995-10-06",,0.00,1000.00
"4561143213625784",1362578,"CC","Y","1993-07-11",,136.14,731.20
"0000000013630293",1363029,"SV","Y","1989-11-16",,244.25,304.93
"4561143213624854",1362485,"CC","Y","1992-04-13",,282.38,1100.00
"4561143213631874",1363187,"CC","Y","1988-05-28",,1498.51,2300.00
"0000000013629043",1362904,"SV","Y","1992-06-16",,198.90,201.90
"0000000013632652",1363265,"CK","Y","1995-12-15",,3270.92,805.19
"0000000013631792",1363179,"CK","Y","1994-06-16",,2608.77,36.70
"4561143213625624",1362562,"CC","Y","1995-11-04",,0.00,9500.00
"0000000013632543",1363254,"SV","N","1993-12-04","1995-08-28",2001.91,2019.49
"0000000013625932",1362593,"CK","Y","1995-08-22",,4116.15,168.63
"0000000013633182",1363318,"CK","Y","1995-03-03",,102.33,89.49
"0000000013627362",1362736,"CK","Y","1993-06-24",,2783.01,2014.49
"0000000013627913",1362791,"SV","Y","1994-02-24",,158.15,492.11
"4561143213630574",1363057,"CC","Y","1992-01-08",,1010.39,938.43
"4561143213625914",1362591,"CC","Y","1994-10-31",,853.50,1548.57
"0000000013625982",1362598,"CK","N","1992-05-12","1995-03-13",6819.83,13.54
"4561143213631474",1363147,"CC","Y","1991-11-06",,145.67,202.99
"0000000013629642",1362964,"CK","Y","1991-10-09",,2173.35,621.41
"0000000013629023",1362902,"SV","Y","1990-11-11",,184.90,1554.71
"0000000013627963",1362796,"SV","Y","1989-01-15",,680.95,1087.47
"0000000013628112",1362811,"CK","Y","1995-02-14",,2599.70,278.54
"0000000013627293",1362729,"SV","Y","1993-04-21",,120.41,122.21
"0000000013629732",1362973,"CK","Y","1995-02-01",,2803.50,898.28
"0000000013630123",1363012,"SV","Y","1995-05-08",,474.60,481.77
"4561143213625294",1362529,"CC","N","1992-02-02","1995-12-31",1481.64,433.43
"0000000013634653",1363465,"SV","Y","1994-04-27",,573.48,590.92
"4561143213633744",1363374,"CC","Y","1995-11-02",,0.00,0.00
"4561143213632044",1363204,"CC","Y","1995-08-12",,0.00,1200.00
"0000000013628773",1362877,"SV","Y","1993-03-16",,311.74,629.45
"0000000013630933",1363093,"SV","N","1986-05-30","1995-10-10",273.80,86.31
"4561143213629594",1362959,"CC","N","1989-08-04","1995-12-06",3094.22,20.00
"0000000013628812",1362881,"CK","N","1992-04-17","1995-10-06",351.11,0.00
"4561143213628954",1362895,"CC","Y","1995-10-03",,0.00,1300.00
"0000000013628162",1362816,"CK","Y","1995-10-01",,4173.06,19.72
"0000000013627213",1362721,"SV","Y","1994-03-25",,167.33,48.22
"0000000013625422",1362542,"CK","Y","1994-06-25",,2865.66,0.00
"0000000013626403",1362640,"SV","Y","1994-06-08",,573.39,1698.93
"4561143213634714",1363471,"CC","Y","1995-07-10",,0.00,3229.66
"0000000013628393",1362839,"SV","Y","1992-06-01",,4386.32,3420.03
"4561143213630364",1363036,"CC","Y","1995-04-06",,0.00,1200.00
"0000000013631673",1363167,"SV","Y","1987-04-17",,1256.54,1296.40
"4561143213632674",1363267,"CC","Y","1995-01-27",,0.00,1271.39
"4561143213625844",1362584,"CC","Y","1995-09-13",,0.00,1000.00
"0000000013625282",1362528,"CK","Y","1986-01-13",,2533.32,1087.54
"4561143213626174",1362617,"CC","Y","1995-08-13",,0.00,306.84
"0000000013625902",1362590,"CK","Y","1993-04-08",,2782.79,1053.25
"0000000013633482",1363348,"CK","N","1991-04-06","1995-09-06",4663.36,1244.93
"0000000013634582",1363458,"CK","Y","1992-06-14",,285.41,2.05
"0000000013632883",1363288,"SV","Y","1994-05-23",,1049.82,244.85
"0000000013625563",1362556,"SV","Y","1989-01-21",,519.43,439.42
"0000000013628492",1362849,"CK","Y","1991-10-13",,173.86,3.98
"0000000013626243",1362624,"SV","Y","1993-06-18",,364.47,1028.01
"4561143213628254",1362825,"CC","Y","1992-08-29",,968.22,1000.00
"0000000013628753",1362875,"SV","Y","1993-07-07",,128.91,449.66
"0000000013633352",1363335,"CK","Y","1995-07-11",,167.53,65.64
"0000000013634622",1363462,"CK","Y","1991-10-22",,2504.19,2421.03
"0000000013628553",1362855,"SV","Y","1995-03-21",,167.71,161.04
"0000000013627093",1362709,"SV","Y","1995-09-08",,134.28,917.33
"4561143213633134",1363313,"CC","Y","1993-12-02",,875.86,11.12
"0000000013631642",1363164,"CK","Y","1988-04-17",,315.15,312.13
"4561143213625094",1362509,"CC","N","1993-09-11","1995-06-03",877.49,10.00
"0000000013631732",1363173,"CK","Y","1995-08-07",,139.57,138.38
"4561143213633524",1363352,"CC","Y","1994-03-14",,700.99,906.54
"0000000013625202",1362520,"CK","Y","1995-02-06",,579.16,333.11
"0000000013632152",1363215,"CK","Y","1988-08-21",,7673.23,4645.09
"0000000013631653",1363165,"SV","Y","1990-10-26",,273.67,57.08
"0000000013632103",1363210,"SV","Y","1995-08-04",,112.25,52.26
"4561143213633834",1363383,"CC","Y","1992-07-07",,1069.93,0.00
"0000000013634702",1363470,"CK","Y","1989-06-11",,4068.99,1790.37
"0000000013633953",1363395,"SV","Y","1987-01-26",,134.14,136.18
"4561143213625124",1362512,"CC","Y","1993-01-25",,565.56,1880.46
"0000000013630952",1363095,"CK","Y","1995-10-20",,1242.77,187.99
"0000000013627013",1362701,"SV","Y","1995-06-03",,204.92,1805.16
"4561143213631594",1363159,"CC","N","1994-01-05","1995-07-21",959.72,10.00
"0000000013634502",1363450,"CK","Y","1995-07-03",,223.78,210.73
"0000000013627443",1362744,"SV","Y","1987-08-02",,127.54,1797.22
"4561143213625014",1362501,"CC","Y","1993-11-03",,3232.19,47.20
"0000000013630662",1363066,"CK","N","1994-02-27","1995-03-13",319.01,19.83
"0000000013632803",1363280,"SV","Y","1993-06-25",,123.96,1706.87
"4561143213626854",1362685,"CC","Y","1995-05-12",,0.00,1208.10
"4561143213627754",1362775,"CC","Y","1992-05-24",,466.06,629.25
"0000000013625082",1362508,"CK","Y","1989-10-01",,2646.20,75.11
"4561143213631714",1363171,"CC","Y","1987-08-23",,1396.70,1800.00
"0000000013632472",1363247,"CK","Y","1992-01-16",,236.39,458.81
"4561143213625064",1362506,"CC","Y","1995-06-13",,0.00,4216.53
"0000000013633242",1363324,"CK","Y","1994-08-25",,4010.41,2325.37
"0000000013634292",1363429,"CK","Y","1994-09-30",,295.27,299.71
"0000000013632342",1363234,"CK","Y","1989-12-21",,369.40,31.19
"0000000013628522",1362852,"CK","N","1994-06-03","1995-05-16",3616.64,59.50
"0000000013626043",1362604,"SV","Y","1995-06-26",,232.26,233.76
"4561143213628054",1362805,"CC","Y","1987-01-03",,282.88,300.00
"0000000013634142",1363414,"CK","Y","1993-04-08",,3292.84,2438.22
"0000000013634212",1363421,"CK","Y","1988-09-19",,2624.85,918.69
"4561143213628684",1362868,"CC","Y","1994-09-23",,691.83,1000.00
"0000000013632943",1363294,"SV","Y","1994-06-06",,741.25,763.80
"0000000013634842",1363484,"CK","Y","1995-03-24",,2600.97,233.06
"0000000013625002",1362500,"CK","Y","1995-12-04",,882.15,1470.14
"4561143213630384",1363038,"CC","Y","1995-08-06",,0.00,1800.00
"0000000013634853",1363485,"SV","Y","1995-11-13",,155.40,157.76
"0000000013628882",1362888,"CK","Y","1995-01-04",,3443.99,4139.88
"0000000013634262",1363426,"CK","Y","1995-12-05",,4898.05,3567.46
"4561143213626454",1362645,"CC","N","1994-09-29","1995-09-10",2071.70,20.00
"0000000013625772",1362577,"CK","Y","1995-04-26",,964.33,347.65
"0000000013631173",1363117,"SV","Y","1989-12-25",,292.92,297.36
"4561143213632174",1363217,"CC","Y","1994-10-26",,571.04,944.16
"4561143213629784",1362978,"CC","Y","1994-06-13",,2834.53,2103.69
"0000000013634473",1363447,"SV","Y","1995-06-15",,185.85,671.09
"0000000013625783",1362578,"SV","Y","1993-07-11",,253.59,862.43
"0000000013627662",1362766,"CK","Y","1995-09-14",,11266.70,4359.83
"4561143213630974",1363097,"CC","Y","1991-04-03",,872.15,1100.00
"0000000013631873",1363187,"SV","Y","1992-05-21",,330.70,335.70
"0000000013634343",1363434,"SV","N","1991-06-27","1995-01-02",328.82,2728.02
"0000000013633042",1363304,"CK","Y","1994-11-30",,269.41,50.91
"4561143213629624",1362962,"CC","Y","1993-11-27",,44.95,609.74
"0000000013625623",1362562,"SV","Y","1995-06-23",,391.96,3864.77
"0000000013633893",1363389,"SV","Y","1992-05-25",,719.95,177.40
"0000000013626532",1362653,"CK","Y","1992-12-19",,580.96,1023.15
"0000000013629932",1362993,"CK","Y","1995-05-26",,2744.10,3227.45
"0000000013625312",1362531,"CK","Y","1994-04-05",,5717.74,2290.23
"4561143213629994",1362999,"CC","Y","1993-08-09",,1973.27,988.54
"0000000013627252",1362725,"CK","Y","1994-09-02",,3853.98,47.34
"0000000013634442",1363444,"CK","Y","1994-01-23",,165.34,68.22
"0000000013632712",1363271,"CK","Y","1994-04-25",,2725.91,876.19
"0000000013625703",1362570,"SV","Y","1995-10-31",,171.55,174.16
"0000000013634453",1363445,"SV","Y","1987-06-24",,742.28,552.01
"4561143213629504",1362950,"CC","Y","1995-06-10",,0.00,162.95
"0000000013625552",1362555,"CK","N","1991-04-28","1995-10-05",474.47,806.73
"0000000013625503",1362550,"SV","Y","1995-03-27",,638.67,487.77
"0000000013630573",1363057,"SV","Y","1992-08-16",,2311.66,1385.03
"4561143213629914",1362991,"CC","Y","1988-11-24",,643.20,1343.81
"0000000013631262",1363126,"CK","Y","1995-07-15",,8095.47,2541.96
"4561143213624994",1362499,"CC","Y","1990-03-15",,1046.30,1900.00
"0000000013628352",1362835,"CK","Y","1995-09-22",,239.71,276.68
"0000000013631473",1363147,"SV","Y","1987-11-13",,2178.01,1152.38
"4561143213626564",1362656,"CC","Y","1993-09-23",,893.25,445.22
"0000000013625963",1362596,"SV","Y","1995-07-16",,544.45,259.05
"4561143213627974",1362797,"CC","Y","1994-05-11",,111.07,100.00
"4561143213628724",1362872,"CC","Y","1992-04-21",,292.41,1000.00
"4561143213629294",1362929,"CC","Y","1995-06-30",,0.00,4200.00
"4561143213631584",1363158,"CC","Y","1991-09-15",,364.24,121.67
"0000000013625293",1362529,"SV","Y","1992-11-15",,662.06,873.14
"0000000013633743",1363374,"SV","Y","1995-08-10",,583.39,601.14
"4561143213628834",1362883,"CC","Y","1995-07-23",,0.00,983.06
"0000000013628953",1362895,"SV","Y","1995-06-27",,169.96,96.25
"0000000013626992",1362699,"CK","Y","1995-05-21",,246.47,600.51
"0000000013630602",1363060,"CK","Y","1991-06-02",,6770.70,370.85
"4561143213627694",1362769,"CC","Y","1995-05-06",,0.00,553.09
"4561143213629214",1362921,"CC","Y","1994-05-23",,2273.20,81.68
"0000000013626702",1362670,"CK","N","1990-03-22","1995-07-25",2697.49,106.94
"4561143213633924",1363392,"CC","Y","1993-12-19",,834.77,1000.00
"0000000013634713",1363471,"SV","Y","1995-03-22",,259.96,1777.03
"0000000013627052",1362705,"CK","Y","1995-02-16",,3482.11,81.14
"0000000013629282",1362928,"CK","Y","1995-01-15",,136.14,3.80
"4561143213627304",1362730,"CC","Y","1995-09-01",,0.00,3000.00
"0000000013632673",1363267,"SV","Y","1995-12-22",,840.79,1699.39
"0000000013631932",1363193,"CK","Y","1993-02-01",,4219.43,4048.98
"0000000013625843",1362584,"SV","Y","1994-06-01",,2032.50,1999.37
"0000000013626173",1362617,"SV","Y","1995-05-18",,135.98,138.02
"4561143213631994",1363199,"CC","Y","1994-03-02",,2135.18,127.09
"4561143213627614",1362761,"CC","Y","1994-03-21",,780.93,0.00
"4561143213629264",1362926,"CC","Y","1994-09-01",,946.72,1000.00
"0000000013629763",1362976,"SV","Y","1986-11-03",,203.20,137.99
"4561143213631704",1363170,"CC","Y","1994-02-19",,1047.17,904.09
"4561143213627274",1362727,"CC","N","1994-05-16","1995-07-14",3673.82,0.00
"0000000013627682",1362768,"CK","Y","1995-05-26",,2512.80,2429.77
"4561143213624844",1362484,"CC","Y","1993-01-02",,1278.78,369.72
"0000000013628253",1362825,"SV","Y","1994-05-18",,175.22,50.77
"4561143213625574",1362557,"CC","Y","1995-11-10",,0.00,1000.00
"4561143213629094",1362909,"CC","Y","1994-10-14",,4000.22,54.09
"4561143213632324",1363232,"CC","Y","1995-08-19",,0.00,1000.00
"0000000013625093",1362509,"SV","N","1993-05-17","1995-08-07",147.84,337.82
"4561143213631964",1363196,"CC","Y","1993-09-24",,1420.35,1800.00
"4561143213628374",1362837,"CC","Y","1995-06-26",,0.00,1100.00
"4561143213626644",1362664,"CC","Y","1995-06-25",,0.00,1052.38
"0000000013629202",1362920,"CK","Y","1995-02-10",,2717.13,1297.06
"4561143213628104",1362810,"CC","Y","1993-12-25",,2485.28,332.95
"0000000013633523",1363352,"SV","Y","1992-08-24",,2039.40,2950.23
"4561143213631294",1363129,"CC","Y","1995-04-21",,0.00,335.42
"4561143213629124",1362912,"CC","Y","1992-11-13",,1299.01,1500.00
"0000000013625123",1362512,"SV","N","1993-01-25","1995-05-09",129.62,1194.36
"0000000013632532",1363253,"CK","Y","1991-06-12",,5019.19,1191.33
"0000000013630832",1363083,"CK","Y","1992-02-12",,286.52,2325.47
"4561143213634934",1363493,"CC","Y","1995-07-10",,0.00,0.00
"0000000013627602",1362760,"CK","Y","1992-01-24",,6021.08,6.15
"0000000013627492",1362749,"CK","Y","1993-03-08",,2608.15,918.17
"0000000013633172",1363317,"CK","Y","1991-05-16",,280.79,269.76
"0000000013626853",1362685,"SV","Y","1994-06-09",,335.36,1735.39
"4561143213630114",1363011,"CC","N","1990-03-15","1995-12-16",3488.29,20.00
"4561143213634824",1363482,"CC","N","1989-07-24","1995-08-23",2917.91,355.26
"0000000013631422",1363142,"CK","Y","1995-04-29",,571.75,11.03
"0000000013634082",1363408,"CK","N","1990-01-12","1995-03-22",195.62,30.85
"0000000013630182",1363018,"CK","Y","1995-03-21",,602.18,1778.61
"4561143213631844",1363184,"CC","Y","1995-10-06",,0.00,1000.00
"0000000013631282",1363128,"CK","Y","1992-10-13",,4142.57,3422.66
"4561143213630814",1363081,"CC","N","1989-01-17","1995-07-08",1692.71,84.59
"0000000013628222",1362822,"CK","Y","1994-09-18",,4115.99,2156.30
"0000000013628042",1362804,"CK","Y","1987-11-09",,8953.35,1315.00
"4561143213626584",1362658,"CC","Y","1991-02-21",,4414.23,0.00
"0000000013631763",1363176,"SV","Y","1994-11-29",,175.29,128.07
"0000000013628053",1362805,"SV","Y","1987-01-03",,124.10,232.15
"4561143213630864",1363086,"CC","Y","1994-02-18",,2401.95,130.90
"0000000013632622",1363262,"CK","N","1992-07-28","1995-01-17",436.88,244.53
"0000000013625233",1362523,"SV","Y","1992-06-26",,262.21,127.38
"4561143213633024",1363302,"CC","N","1994-02-09","1995-04-26",1731.39,0.00
"0000000013633373",1363337,"SV","Y","1994-06-12",,531.48,7766.05
"0000000013633433",1363343,"SV","Y","1995-03-14",,603.82,2007.65
"4561143213633654",1363365,"CC","Y","1995-08-29",,0.00,2100.00
"0000000013626932",1362693,"CK","Y","1995-03-24",,2597.86,659.45
"0000000013634002",1363400,"CK","Y","1993-08-17",,300.87,1824.79
"0000000013630372",1363037,"CK","Y","1992-11-15",,2581.35,182.95
"0000000013630432",1363043,"CK","Y","1994-07-18",,4418.22,701.33
"0000000013626442",1362644,"CK","Y","1991-06-05",,312.72,382.47
"0000000013626822",1362682,"CK","Y","1994-07-18",,4024.65,345.89
"0000000013630102",1363010,"CK","Y","1992-09-09",,149.83,1574.39
"4561143213627634",1362763,"CC","Y","1995-06-21",,0.00,160.00
"0000000013627722",1362772,"CK","Y","1994-08-27",,4135.59,18.30
"4561143213630544",1363054,"CC","Y","1994-12-08",,875.70,917.30
"0000000013630383",1363038,"SV","Y","1995-02-20",,333.53,508.26
"0000000013632702",1363270,"CK","Y","1994-05-26",,214.69,15.66
"4561143213631124",1363112,"CC","Y","1991-04-01",,852.02,0.00
"0000000013627522",1362752,"CK","Y","1994-01-08",,487.69,3.76
"0000000013627832",1362783,"CK","N","1988-07-10","1995-06-03",235.27,916.17
"4561143213626504",1362650,"CC","Y","1995-11-28",,0.00,1000.00
"4561143213629904",1362990,"CC","Y","1994-03-03",,758.95,1426.93
"4561143213631014",1363101,"CC","Y","1995-06-16",,0.00,2054.32
"0000000013629783",1362978,"SV","Y","1994-06-13",,238.16,28.91
"0000000013625952",1362595,"CK","Y","1993-10-28",,4087.37,117.93
"0000000013630973",1363097,"SV","Y","1995-03-26",,183.44,10.28
"0000000013634572",1363457,"CK","Y","1988-04-23",,12169.88,1252.71
"0000000013631082",1363108,"CK","Y","1992-08-30",,272.54,268.79
"0000000013625662",1362566,"CK","N","1992-06-05","1995-03-18",17315.16,38.10
"0000000013629392",1362939,"CK","Y","1995-07-15",,687.00,1703.20
"0000000013627182",1362718,"CK","Y","1995-04-01",,692.10,702.56
"4561143213628244",1362824,"CC","Y","1993-09-23",,10593.21,959.72
"0000000013628603",1362860,"SV","Y","1994-05-09",,2235.91,2100.68
"0000000013626232",1362623,"CK","N","1993-10-18","1995-01-17",276.29,16.18
"0000000013630352",1363035,"CK","Y","1995-09-10",,157.50,253.21
"0000000013629312",1362931,"CK","Y","1993-09-23",,5591.93,713.56
"4561143213634034",1363403,"CC","Y","1995-11-08",,0.00,1900.00
"4561143213632644",1363264,"CC","Y","1994-03-24",,51.69,1000.00
"4561143213630134",1363013,"CC","Y","1994-10-26",,844.10,1000.00
"4561143213631234",1363123,"CC","Y","1994-02-25",,1766.88,2800.00
"0000000013625252",1362525,"CK","Y","1992-03-28",,256.46,95.53
"0000000013629703",1362970,"SV","Y","1995-07-08",,273.94,278.07
"0000000013626422",1362642,"CK","Y","1994-08-17",,131.46,112.61
"4561143213626214",1362621,"CC","Y","1995-11-21",,0.00,1000.00
"4561143213634204",1363420,"CC","Y","1993-09-11",,125.33,1011.20
"0000000013634752",1363475,"CK","Y","1993-04-27",,403.91,136.95
"0000000013632842",1363284,"CK","Y","1994-03-25",,420.57,946.08
"0000000013629503",1362950,"SV","Y","1995-12-21",,658.26,1545.22
"0000000013629362",1362936,"CK","Y","1994-11-03",,173.72,109.31
"0000000013631002",1363100,"CK","Y","1993-12-12",,2554.44,39.16
"0000000013633452",1363345,"CK","Y","1994-07-11",,312.71,2345.06
"0000000013629913",1362991,"SV","Y","1991-12-16",,154.65,369.81
"0000000013627372",1362737,"CK","Y","1994-04-02",,690.88,195.13
"0000000013627432",1362743,"CK","Y","1995-04-11",,2516.33,1736.57
"4561143213627544",1362754,"CC","Y","1990-01-11",,74.35,0.00
"0000000013626563",1362656,"SV","Y","1993-07-11",,121.00,367.80
"4561143213633874",1363387,"CC","Y","1990-09-18",,857.38,1000.00
"0000000013629293",1362929,"SV","Y","1995-05-08",,1229.27,1535.83
"0000000013631583",1363158,"SV","Y","1995-07-06",,773.98,1917.72
"4561143213630884",1363088,"CC","Y","1991-01-21",,189.64,739.86
"4561143213625974",1362597,"CC","Y","1993-10-01",,939.06,442.72
"0000000013628833",1362883,"SV","Y","1994-02-03",,702.27,149.74
"4561143213626094",1362609,"CC","Y","1992-07-20",,1775.07,3000.00
"0000000013630253",1363025,"SV","N","1990-08-30","1995-03-04",711.18,3136.90
"4561143213627464",1362746,"CC","Y","1992-05-29",,1037.11,1000.00
"0000000013624963",1362496,"SV","Y","1994-12-07",,247.34,251.06
"0000000013632122",1363212,"CK","Y","1993-03-13",,201.12,16.09
"4561143213625694",1362569,"CC","Y","1995-12-06",,0.00,9200.00
"0000000013628172",1362817,"CK","Y","1994-11-18",,218.20,219.60
"0000000013633923",1363392,"SV","Y","1993-11-08",,109.05,241.59
"4561143213631034",1363103,"CC","N","1992-10-04","1995-07-18",2007.57,513.06
"0000000013625052",1362505,"CK","Y","1994-03-11",,125.36,11.70
"4561143213625304",1362530,"CC","Y","1993-08-17",,597.23,2000.00
"0000000013631993",1363199,"SV","Y","1994-03-02",,118.45,251.39
"0000000013632822",1363282,"CK","Y","1988-03-05",,133.90,84.18
"0000000013628872",1362887,"CK","Y","1993-03-22",,1385.16,2427.18
"0000000013627613",1362761,"SV","Y","1994-03-28",,775.55,490.67
"0000000013629263",1362926,"SV","Y","1990-11-03",,131.22,1230.28
"0000000013631752",1363175,"CK","Y","1994-03-26",,340.48,13.51
"0000000013627273",1362727,"SV","Y","1995-04-16",,8996.64,9132.52
"0000000013631503",1363150,"SV","Y","1991-09-09",,234.29,370.22
"0000000013625682",1362568,"CK","Y","1995-09-26",,4273.62,221.30
"4561143213626064",1362606,"CC","Y","1995-05-05",,0.00,1232.96
"0000000013624843",1362484,"SV","Y","1993-01-02",,194.76,2122.17
"4561143213632914",1363291,"CC","Y","1995-06-04",,0.00,5014.14
"0000000013633562",1363356,"CK","Y","1995-12-24",,2670.21,10.33
"0000000013625573",1362557,"SV","Y","1995-10-09",,697.92,68.86
"4561143213626984",1362698,"CC","Y","1993-11-27",,2152.86,2500.00
"0000000013629332",1362933,"CK","Y","1991-10-06",,119.13,215.13
"0000000013629093",1362909,"SV","Y","1993-05-30",,1132.28,1149.38
"0000000013628373",1362837,"SV","Y","1995-06-13",,169.90,545.76
"4561143213632964",1363296,"CC","Y","1991-06-28",,520.97,1001.67
"0000000013628433",1362843,"SV","Y","1986-08-02",,282.11,224.72
"0000000013632232",1363223,"CK","Y","1992-06-13",,4997.67,1839.28
"0000000013628103",1362810,"SV","Y","1993-12-25",,183.59,731.50
"0000000013630042",1363004,"CK","Y","1992-09-20",,299.35,644.11
"4561143213632294",1363229,"CC","Y","1993-06-11",,989.45,1143.13
"0000000013634933",1363493,"SV","N","1993-06-08","1995-07-19",331.18,553.61
"0000000013630113",1363011,"SV","Y","1990-10-20",,1470.91,1387.58
"0000000013634823",1363482,"SV","Y","1989-07-24",,121.85,486.40
"0000000013632422",1363242,"CK","N","1994-02-18","1995-05-07",319.66,936.51
"0000000013631213",1363121,"SV","Y","1992-04-08",,120.94,122.74
"4561143213629754",1362975,"CC","Y","1989-01-27",,556.10,525.50
"0000000013634382",1363438,"CK","Y","1995-05-16",,138.08,254.88
"0000000013626772",1362677,"CK","Y","1994-02-10",,110.59,385.66
"0000000013632513",1363251,"SV","Y","1994-09-11",,5003.60,5059.46
"0000000013630813",1363081,"SV","Y","1994-08-06",,323.49,765.22
"4561143213634554",1363455,"CC","Y","1995-11-19",,0.00,5192.98
"4561143213626904",1362690,"CC","Y","1994-10-18",,86.09,1200.00
"0000000013626572",1362657,"CK","Y","1989-06-07",,148.78,22.01
"4561143213630404",1363040,"CC","Y","1995-06-02",,0.00,1900.00
"0000000013626583",1362658,"SV","Y","1991-02-21",,235.06,238.62
"0000000013630863",1363086,"SV","Y","1994-03-12",,192.71,1196.95
"0000000013633642",1363364,"CK","Y","1995-03-13",,1287.08,296.28
"0000000013634692",1363469,"CK","Y","1995-11-03",,112.95,220.22
"4561143213633324",1363332,"CC","N","1992-10-07","1995-12-26",2770.40,839.43
"0000000013632032",1363203,"CK","Y","1994-05-25",,1033.81,997.70
"0000000013631332",1363133,"CK","N","1989-10-20","1995-12-27",2736.94,1068.52
"0000000013624983",1362498,"SV","Y","1995-09-15",,2273.51,2307.85
"0000000013626312",1362631,"CK","Y","1991-06-17",,4478.55,0.00
"4561143213632094",1363209,"CC","Y","1986-02-03",,1523.62,1600.00
"4561143213625634",1362563,"CC","Y","1995-08-07",,0.00,1000.00
"0000000013634612",1363461,"CK","Y","1995-03-04",,3144.44,1223.94
"0000000013625722",1362572,"CK","Y","1994-06-16",,244.50,1.97
"0000000013634272",1363427,"CK","Y","1991-02-11",,743.67,809.67
"4561143213627354",1362735,"CC","Y","1995-12-21",,0.00,3000.00
"0000000013625522",1362552,"CK","Y","1992-11-24",,213.03,7.42
"0000000013629952",1362995,"CK","Y","1995-09-22",,381.90,2007.33
"0000000013626503",1362650,"SV","Y","1995-04-05",,155.66,149.20
"0000000013626362",1362636,"CK","Y","1994-11-09",,2676.30,19.02
"0000000013629903",1362990,"SV","Y","1994-03-03",,160.90,1113.07
"0000000013631013",1363101,"SV","Y","1995-12-09",,5929.02,6015.58
"4561143213632014",1363201,"CC","Y","1995-11-22",,0.00,1000.00
"0000000013629662",1362966,"CK","Y","1994-01-06",,2299.22,63.32
"0000000013627113",1362711,"SV","Y","1992-03-12",,223.60,38.87
"4561143213625114",1362511,"CC","Y","1995-04-23",,0.00,904.93
"4561143213632064",1363206,"CC","Y","1995-11-13",,0.00,5490.45
"0000000013627813",1362781,"SV","Y","1995-07-20",,961.57,2797.34
"0000000013630463",1363046,"SV","Y","1995-05-12",,204.24,561.55
"4561143213627404",1362740,"CC","Y","1994-05-29",,1563.83,1121.88
"4561143213625164",1362516,"CC","Y","1994-05-07",,117.14,430.72
"0000000013634033",1363403,"SV","Y","1995-10-28",,1165.12,1590.22
"4561143213634334",1363433,"CC","Y","1991-04-03",,579.32,0.00
"0000000013632643",1363264,"SV","Y","1994-03-24",,2095.37,369.44
"4561143213630224",1363022,"CC","Y","1995-02-01",,0.00,604.65
"0000000013626143",1362614,"SV","Y","1995-11-16",,140.65,1534.73
"4561143213625864",1362586,"CC","Y","1992-01-28",,1374.28,3700.00
"4561143213628154",1362815,"CC","Y","1995-10-27",,0.00,1000.00
"0000000013633992",1363399,"CK","Y","1995-11-20",,1268.66,548.29
"0000000013626213",1362621,"SV","Y","1994-03-01",,727.98,1498.40
"0000000013628512",1362851,"CK","Y","1994-08-25",,7059.92,635.97
"0000000013627652",1362765,"CK","Y","1994-10-25",,2615.72,820.66
"4561143213625744",1362574,"CC","Y","1995-05-30",,0.00,1300.00
"0000000013627543",1362754,"SV","Y","1990-01-11",,300.47,240.75
"0000000013633912",1363391,"CK","Y","1995-02-10",,232.72,17.91
"4561143213629384",1362938,"CC","Y","1994-06-24",,1402.32,436.98
"0000000013625102",1362510,"CK","Y","1993-05-15",,2812.23,222.56
"4561143213625494",1362549,"CC","Y","1994-07-31",,1018.04,1000.00
"0000000013633873",1363387,"SV","Y","1990-09-18",,164.19,110.52
"0000000013631952",1363195,"CK","Y","1993-07-04",,136.24,579.16
"4561143213629974",1362997,"CC","Y","1994-10-17",,753.36,420.00
"0000000013632583",1363258,"SV","Y","1994-10-18",,776.38,845.68
"0000000013630883",1363088,"SV","Y","1991-01-21",,430.47,1426.10
"4561143213625414",1362541,"CC","Y","1995-03-10",,0.00,2093.96
"0000000013626093",1362609,"SV","Y","1995-06-22",,758.41,49.39
"4561143213629694",1362969,"CC","Y","1992-08-14",,2558.49,3800.00
"0000000013627463",1362746,"SV","Y","1995-12-30",,2263.07,2946.92
"0000000013633142",1363314,"CK","Y","1993-05-04",,2076.11,266.68
"4561143213625464",1362546,"CC","Y","1990-02-19",,2340.61,1292.63
"4561143213630024",1363002,"CC","Y","1993-12-08",,1827.21,2684.46
"0000000013633212",1363321,"CK","Y","1994-12-13",,209.65,2748.89
"0000000013629052",1362905,"CK","Y","1995-11-02",,2711.63,10.18
"4561143213629304",1362930,"CC","Y","1993-07-28",,1013.46,0.00
"0000000013625303",1362530,"SV","Y","1991-12-13",,569.85,900.52
"0000000013633842",1363384,"CK","Y","1990-01-07",,7388.44,12.08
"0000000013630152",1363015,"CK","Y","1995-02-19",,278.52,208.03
"4561143213633534",1363353,"CC","Y","1989-06-23",,479.66,1504.14
"4561143213628454",1362845,"CC","N","1993-12-29","1995-12-14",3691.23,20.00
"4561143213627224",1362722,"CC","Y","1995-01-19",,0.00,1469.22
"0000000013627133",1362713,"SV","Y","1995-09-04",,461.24,468.20
"4561143213629614",1362961,"CC","Y","1994-07-18",,473.10,1000.00
"0000000013626382",1362638,"CK","Y","1995-01-18",,125.81,0.00
"4561143213626754",1362675,"CC","Y","1993-11-17",,153.26,911.38
"0000000013633262",1363326,"CK","Y","1995-07-18",,949.92,2945.14
"0000000013632552",1363255,"CK","Y","1995-05-10",,262.07,20.46
"0000000013629682",1362968,"CK","Y","1990-08-17",,197.54,203.81
"0000000013632362",1363236,"CK","Y","1993-10-04",,2977.65,52.80
"0000000013630803",1363080,"SV","Y","1994-05-07",,321.16,691.59
"4561143213625524",1362552,"CC","Y","1993-08-06",,367.42,493.17
"0000000013632913",1363291,"SV","Y","1995-02-08",,274.62,653.58
"0000000013633473",1363347,"SV","Y","1995-05-27",,794.25,512.64
"0000000013624892",1362489,"CK","Y","1993-10-19",,833.40,125.43
"0000000013626972",1362697,"CK","Y","1995-09-01",,2686.03,11.38
"4561143213631384",1363138,"CC","Y","1993-02-17",,92.13,914.08
"0000000013634162",1363416,"CK","Y","1995-12-01",,211.24,5.68
"4561143213627674",1362767,"CC","Y","1995-04-13",,0.00,290.54
"0000000013626983",1362698,"SV","N","1994-09-04","1995-03-12",499.93,3110.27
"4561143213628324",1362832,"CC","Y","1995-11-18",,0.00,8500.00
"0000000013633343",1363334,"SV","Y","1995-01-28",,259.30,478.96
"0000000013632963",1363296,"SV","Y","1991-06-28",,2285.95,2505.34
"0000000013632293",1363229,"SV","Y","1995-08-17",,541.97,536.08
"4561143213631974",1363197,"CC","Y","1993-10-10",,132.93,645.09
"4561143213625884",1362588,"CC","Y","1992-02-10",,453.45,1000.00
"0000000013626302",1362630,"CK","Y","1991-03-12",,2780.05,127.75
"0000000013629492",1362949,"CK","Y","1994-08-03",,2677.39,14.07
"0000000013633012",1363301,"CK","Y","1995-09-23",,5616.16,285.21
"0000000013624862",1362486,"CK","Y","1994-08-24",,4252.39,3312.27
"4561143213631694",1363169,"CC","Y","1991-11-12",,1729.57,0.00
"0000000013633442",1363344,"CK","Y","1993-08-02",,159.01,68.95
"0000000013634542",1363454,"CK","Y","1990-08-10",,2503.81,312.45
"4561143213632004",1363200,"CC","Y","1995-02-01",,0.00,254.56
"4561143213631304",1363130,"CC","Y","1994-04-28",,1031.20,80.56
"0000000013634553",1363455,"SV","Y","1995-08-08",,251.82,254.90
"0000000013628582",1362858,"CK","Y","1995-06-15",,778.24,587.99
"0000000013626903",1362690,"SV","N","1994-02-28","1995-10-29",259.26,111.34
"0000000013630403",1363040,"SV","Y","1995-04-29",,459.10,37.27
"0000000013627152",1362715,"CK","Y","1989-11-11",,2691.06,366.99
"0000000013633062",1363306,"CK","Y","1990-03-15",,234.76,114.94
"0000000013634412",1363441,"CK","Y","1986-08-05",,105.89,145.82
"4561143213630174",1363017,"CC","Y","1995-02-08",,0.00,1000.00
"4561143213631274",1363127,"CC","Y","1994-01-30",,825.68,305.79
"0000000013631682",1363168,"CK","Y","1994-10-12",,12440.33,67.58
"0000000013633982",1363398,"CK","Y","1995-09-02",,2569.26,86.13
"4561143213625804",1362580,"CC","Y","1992-03-30",,448.96,1500.00
"4561143213630874",1363087,"CC","Y","1993-09-04",,91.29,1000.00
"4561143213626334",1362633,"CC","Y","1994-01-23",,249.18,1000.00
"0000000013632093",1363209,"SV","N","1986-02-03","1995-08-29",264.69,1813.90
"4561143213625484",1362548,"CC","Y","1986-11-11",,6965.25,68.68
"0000000013627342",1362734,"CK","N","1993-04-04","1995-03-06",336.21,317.02
"0000000013626252",1362625,"CK","N","1990-06-29","1995-05-05",489.23,533.18
"0000000013628502",1362850,"CK","Y","1995-10-30",,2682.82,1179.40
"0000000013629522",1362952,"CK","Y","1994-07-07",,1069.57,473.45
"0000000013627353",1362735,"SV","Y","1995-09-16",,117.95,288.87
"0000000013630923",1363092,"SV","Y","1995-07-28",,257.16,397.29
"0000000013633713",1363371,"SV","Y","1993-05-22",,726.33,87.77
"0000000013632013",1363201,"SV","Y","1995-06-22",,100.24,74.54
"4561143213625354",1362535,"CC","Y","1990-05-15",,204.27,0.00
"0000000013625893",1362589,"SV","Y","1994-04-14",,218.78,833.68
"0000000013633282",1363328,"CK","Y","1995-03-07",,189.43,669.27
"0000000013633902",1363390,"CK","Y","1995-12-15",,2716.75,446.35
"4561143213629114",1362911,"CC","N","1992-05-21","1995-12-23",1328.83,67.61
"4561143213632754",1363275,"CC","Y","1994-12-22",,408.78,805.19
"0000000013625113",1362511,"SV","Y","1993-04-29",,282.90,748.73
"0000000013628962",1362896,"CK","N","1993-05-15","1995-12-22",5929.92,512.63
"4561143213625944",1362594,"CC","N","1992-03-03","1995-07-19",9557.00,0.00
"0000000013629182",1362918,"CK","Y","1994-05-16",,278.13,142.87
"0000000013633763",1363376,"SV","Y","1995-02-14",,344.08,1345.44
"0000000013628292",1362829,"CK","Y","1993-08-20",,638.32,2516.20
"4561143213634684",1363468,"CC","Y","1995-11-16",,0.00,5500.00
"0000000013627403",1362740,"SV","N","1994-02-15","1995-08-12",118.82,119.87
"4561143213631074",1363107,"CC","Y","1994-09-08",,478.51,89.15
"0000000013632972",1363297,"CK","Y","1992-03-05",,327.75,39.24
"4561143213627174",1362717,"CC","Y","1995-10-24",,0.00,1000.00
"0000000013628142",1362814,"CK","Y","1995-03-09",,319.87,656.39
"4561143213628644",1362864,"CC","Y","1995-09-20",,0.00,0.00
"0000000013628212",1362821,"CK","Y","1995-05-09",,2652.36,994.79
"4561143213629864",1362986,"CC","Y","1995-03-04",,0.00,1932.10
"0000000013630223",1363022,"SV","Y","1995-01-16",,137.96,140.00
"0000000013628153",1362815,"SV","Y","1995-11-13",,594.33,348.98
"0000000013626632",1362663,"CK","Y","1992-10-21",,246.42,92.92
"4561143213628534",1362853,"CC","Y","1995-09-12",,0.00,1073.95
"0000000013632302",1363230,"CK","Y","1995-06-08",,2620.42,551.28
"0000000013626052",1362605,"CK","Y","1994-05-21",,256.11,7.84
"4561143213633124",1363312,"CC","Y","1995-09-22",,0.00,4400.00
"4561143213629744",1362974,"CC","Y","1994-04-02",,802.20,271.87
"0000000013629372",1362937,"CK","Y","1993-08-11",,251.19,377.30
"4561143213634744",1363474,"CC","Y","1995-06-30",,0.00,702.74
"4561143213629494",1362949,"CC","Y","1994-08-03",,1982.74,3000.00
"0000000013625652",1362565,"CK","Y","1995-05-28",,5753.09,271.08
"4561143213633934",1363393,"CC","Y","1995-06-13",,0.00,1000.00
"4561143213629544",1362954,"CC","Y","1995-04-11",,0.00,1226.12
"4561143213626614",1362661,"CC","Y","1991-02-01",,926.05,1000.00
"0000000013634102",1363410,"CK","Y","1994-09-30",,3584.44,8.13
"0000000013625493",1362549,"SV","Y","1993-03-22",,312.39,1039.96
"0000000013630673",1363067,"SV","Y","1993-11-25",,284.01,288.33
"4561143213634494",1363449,"CC","Y","1994-11-05",,991.87,636.53
"4561143213633824",1363382,"CC","Y","1995-03-02",,0.00,1000.00
"0000000013633082",1363308,"CK","Y","1994-08-10",,5568.05,5651.40
"0000000013631832",1363183,"CK","Y","1993-08-09",,6161.04,279.72
"0000000013632283",1363228,"SV","Y","1995-06-26",,310.44,1538.46
"0000000013632952",1363295,"CK","N","1989-05-03","1995-12-20",261.09,68.65
"0000000013632903",1363290,"SV","Y","1995-08-09",,2229.39,2594.47
"0000000013634802",1363480,"CK","Y","1995-02-09",,2072.19,33.77
"4561143213625924",1362592,"CC","N","1993-05-31","1995-12-20",2106.82,310.10
"0000000013627712",1362771,"CK","Y","1993-05-10",,162.03,141.86
"0000000013629973",1362997,"SV","Y","1995-05-12",,198.95,201.95
"0000000013628092",1362809,"CK","Y","1989-01-31",,3199.27,1160.14
"0000000013634482",1363448,"CK","N","1993-02-03","1995-11-02",5540.21,1961.87
"0000000013626862",1362686,"CK","Y","1995-07-24",,337.72,13.37
"0000000013629693",1362969,"SV","Y","1992-03-15",,1063.49,5792.74
"0000000013625463",1362546,"SV","Y","1990-02-19",,120.49,991.01
"0000000013628012",1362801,"CK","Y","1995-10-31",,398.00,0.00
"0000000013624973",1362497,"SV","Y","1992-06-10",,572.95,10.86
"4561143213633234",1363323,"CC","Y","1994-12-09",,7159.74,1953.27
"0000000013628442",1362844,"CK","Y","1994-10-07",,1080.30,162.10
"0000000013629303",1362930,"SV","Y","1993-07-28",,204.40,800.42
"0000000013634352",1363435,"CK","Y","1989-10-29",,2606.30,329.74
"0000000013630732",1363073,"CK","Y","1988-10-25",,2804.23,125.90
"0000000013626742",1362674,"CK","Y","1995-04-18",,2650.19,375.15
"0000000013633533",1363353,"SV","N","1989-06-23","1995-04-13",264.84,1663.95
"0000000013627223",1362722,"SV","Y","1995-10-30",,257.31,261.18
"0000000013626492",1362649,"CK","Y","1995-02-20",,134.68,30.47
"0000000013625133",1362513,"SV","Y","1994-10-14",,389.39,352.05
"0000000013626753",1362675,"SV","Y","1994-06-10",,200.89,274.78
"0000000013628062",1362806,"CK","Y","1993-11-22",,218.47,2561.24
"4561143213630594",1363059,"CC","Y","1995-04-13",,0.00,1200.00
"4561143213633424",1363342,"CC","Y","1993-10-20",,616.39,1600.00
"4561143213634834",1363483,"CC","Y","1993-04-09",,946.26,1000.00
"0000000013634953",1363495,"SV","Y","1994-11-16",,2321.90,2783.16
"4561143213630714",1363071,"CC","Y","1995-04-25",,0.00,298.42
"4561143213626074",1362607,"CC","Y","1994-01-23",,1957.45,903.36
"0000000013626412",1362641,"CK","Y","1988-11-28",,2705.53,1566.97
"0000000013632083",1363208,"SV","Y","1995-08-14",,150.23,1094.05
"0000000013631383",1363138,"SV","Y","1993-02-17",,268.30,1293.45
"0000000013627673",1362767,"SV","Y","1993-03-21",,276.81,1098.48
"0000000013628232",1362823,"CK","Y","1994-04-22",,418.30,7.35
"0000000013630582",1363058,"CK","Y","1988-10-27",,2744.91,121.27
"0000000013628793",1362879,"SV","Y","1995-06-18",,326.33,856.61
"4561143213630764",1363076,"CC","Y","1993-09-03",,6842.20,770.56
"0000000013631973",1363197,"SV","Y","1993-10-10",,100.91,347.20
"4561143213630564",1363056,"CC","Y","1994-01-24",,303.47,821.42
"0000000013625883",1362588,"SV","Y","1990-10-20",,252.24,9.71
"4561143213633034",1363303,"CC","Y","1995-04-22",,0.00,1000.00
"0000000013631693",1363169,"SV","Y","1991-07-10",,151.54,153.82
"4561143213631464",1363146,"CC","Y","1991-02-08",,2782.38,0.00
"0000000013626722",1362672,"CK","Y","1995-12-18",,177.94,669.16
"4561143213626194",1362619,"CC","Y","1994-04-05",,3866.70,0.00
"0000000013627642",1362764,"CK","Y","1994-04-05",,278.11,728.77
"0000000013627023",1362702,"SV","Y","1990-03-17",,698.68,12.53
"0000000013626522",1362652,"CK","Y","1995-10-08",,315.75,26.93
"0000000013633752",1363375,"CK","Y","1993-07-18",,281.80,172.83
"0000000013632052",1363205,"CK","N","1994-07-06","1995-02-22",2588.17,1395.69
"0000000013632003",1363200,"SV","Y","1993-10-24",,114.43,1357.19
"0000000013631303",1363130,"SV","Y","1994-06-22",,122.54,68.70
"4561143213631134",1363113,"CC","Y","1995-09-04",,0.00,660.40
"4561143213632614",1363261,"CC","Y","1992-09-06",,143.33,1000.00
"0000000013627532",1362753,"CK","Y","1995-02-26",,193.01,79.24
"4561143213625654",1362565,"CC","Y","1987-02-27",,829.07,1358.19
"4561143213626114",1362611,"CC","Y","1994-06-04",,2477.19,133.87
"4561143213634104",1363410,"CC","Y","1995-11-01",,0.00,0.00
"0000000013630173",1363017,"SV","N","1994-04-27","1995-10-31",2011.02,2901.35
"4561143213627594",1362759,"CC","Y","1990-05-24",,1320.06,835.19
"0000000013631273",1363127,"SV","Y","1995-02-13",,122.21,124.01
"4561143213632274",1363227,"CC","Y","1995-03-27",,0.00,588.15
"4561143213629804",1362980,"CC","Y","1992-09-19",,107.81,512.73
"0000000013625852",1362585,"CK","Y","1991-03-09",,381.40,176.63
"0000000013625803",1362580,"SV","Y","1992-10-12",,468.82,163.39
"0000000013624922",1362492,"CK","Y","1995-04-23",,5101.60,582.82
"4561143213632664",1363266,"CC","Y","1995-02-24",,0.00,994.65
"4561143213629484",1362948,"CC","Y","1987-08-22",,1393.56,813.51
"0000000013626333",1362633,"SV","Y","1992-10-23",,123.78,57.34
"0000000013632862",1363286,"CK","Y","1993-07-25",,2524.17,51.57
"0000000013625483",1362548,"SV","Y","1986-11-11",,250.24,254.02
"4561143213624804",1362480,"CC","N","1992-12-23","1995-12-15",1607.40,20.00
"0000000013629193",1362919,"SV","Y","1995-11-01",,313.92,318.66
"0000000013634042",1363404,"CK","Y","1995-09-23",,259.35,823.63
"4561143213628824",1362882,"CC","Y","1993-04-08",,2058.92,33.52
"0000000013626372",1362637,"CK","Y","1995-06-28",,319.45,72.09
"0000000013630153",1363015,"SV","Y","1995-11-12",,380.21,385.97
"0000000013626432",1362643,"CK","Y","1992-02-27",,4286.40,1860.19
"0000000013632492",1363249,"CK","Y","1993-06-04",,949.93,2877.12
"4561143213630534",1363053,"CC","Y","1995-03-01",,0.00,918.09
"0000000013625943",1362594,"SV","Y","1994-06-29",,1985.18,6619.84
"0000000013634672",1363467,"CK","Y","1995-01-15",,4155.98,58.47
"0000000013630262",1363026,"CK","Y","1994-03-21",,777.74,2744.43
"0000000013634683",1363468,"SV","Y","1995-07-28",,273.99,927.28
"4561143213633774",1363377,"CC","Y","1994-11-09",,332.67,844.08
"0000000013634813",1363481,"SV","Y","1994-07-12",,155.93,1606.92
"4561143213632074",1363207,"CC","Y","1994-02-09",,886.67,777.00
"4561143213629404",1362940,"CC","Y","1994-04-06",,73.17,41.22
"0000000013632412",1363241,"CK","Y","1993-04-28",,478.79,18.37
"0000000013630473",1363047,"SV","N","1992-08-19","1995-09-02",142.02,417.52
"0000000013627173",1362717,"SV","Y","1994-11-16",,184.03,186.79
"4561143213630784",1363078,"CC","Y","1991-04-06",,2385.21,1147.07
"0000000013628643",1362864,"SV","Y","1995-03-07",,173.89,176.53
"0000000013629863",1362986,"SV","Y","1995-06-13",,1161.47,434.43
"0000000013633332",1363333,"CK","Y","1991-01-04",,220.95,4.31
"0000000013626693",1362669,"SV","Y","1990-12-05",,173.96,1693.81
"0000000013628533",1362853,"SV","Y","1995-06-10",,918.64,1025.23
"4561143213625874",1362587,"CC","Y","1989-09-20",,879.47,859.44
"4561143213629244",1362924,"CC","Y","1995-08-28",,0.00,1000.00
"0000000013634743",1363474,"SV","Y","1990-05-12",,5095.53,4622.61
"4561143213633314",1363331,"CC","Y","1992-07-24",,7574.56,2264.61
"0000000013632722",1363272,"CK","Y","1995-09-05",,371.89,195.31
"0000000013625792",1362579,"CK","Y","1992-01-03",,100.84,431.33
"4561143213632194",1363219,"CC","Y","1990-11-03",,227.47,1000.00
"0000000013626613",1362661,"SV","Y","1995-11-02",,818.48,2226.62
"0000000013633823",1363382,"SV","Y","1994-08-11",,108.39,272.05
"4561143213628284",1362828,"CC","Y","1988-04-04",,184.35,1000.00
"0000000013632522",1363252,"CK","Y","1994-12-15",,225.77,32.18
"0000000013630822",1363082,"CK","Y","1994-05-24",,5042.95,314.35
"0000000013628572",1362857,"CK","Y","1994-07-11",,101.40,7.47
"0000000013632832",1363283,"CK","Y","1995-04-18",,121.77,18.54
"4561143213631354",1363135,"CC","Y","1990-03-09",,3139.52,247.32
"4561143213634924",1363492,"CC","Y","1991-12-31",,4128.58,6869.00
"4561143213630704",1363070,"CC","Y","1994-07-01",,390.58,774.22
"4561143213633554",1363355,"CC","Y","1994-12-11",,2643.94,291.58
"0000000013629413",1362941,"SV","N","1990-08-01","1995-02-01",149.15,877.14
"0000000013626663",1362666,"SV","Y","1991-02-23",,574.42,300.42
"0000000013625712",1362571,"CK","N","1991-04-28","1995-01-10",257.68,62.94
"4561143213632114",1363211,"CC","N","1992-08-11","1995-12-19",1724.93,112.99
"4561143213631944",1363194,"CC","N","1992-09-09","1995-07-24",3076.55,82.15
"4561143213632684",1363268,"CC","Y","1989-06-25",,1873.47,1800.00
"0000000013630982",1363098,"CK","Y","1995-05-25",,2874.57,17.71
"4561143213631404",1363140,"CC","Y","1993-08-17",,315.24,1000.00
"4561143213632164",1363216,"CC","Y","1992-07-15",,428.71,1000.00
"4561143213630964",1363096,"CC","Y","1989-12-20",,388.35,0.00
"0000000013632333",1363233,"SV","N","1993-09-28","1995-04-25",453.28,161.69
"4561143213625474",1362547,"CC","Y","1995-04-16",,0.00,952.52
"4561143213628204",1362820,"CC","Y","1992-11-30",,4011.25,4231.59
"4561143213629044",1362904,"CC","Y","1990-09-18",,1445.69,679.69
"0000000013628362",1362836,"CK","Y","1990-06-20",,220.22,7.72
"0000000013633612",1363361,"CK","N","1994-02-24","1995-02-18",3650.35,21.54
"0000000013633423",1363342,"SV","Y","1993-04-17",,280.35,57.96
"0000000013634523",1363452,"SV","Y","1995-12-28",,2423.96,1874.79
"0000000013633272",1363327,"CK","Y","1995-04-02",,2609.01,235.65
"4561143213628084",1362808,"CC","Y","1995-12-23",,0.00,1600.00
"0000000013632372",1363237,"CK","Y","1994-08-31",,7563.81,135.39
"0000000013632432",1363243,"CK","Y","1991-08-30",,2746.00,852.22
"0000000013630713",1363071,"SV","N","1994-08-15","1995-07-10",2167.05,1083.77
"4561143213632544",1363254,"CC","Y","1993-03-25",,1039.87,31.04
"4561143213626104",1362610,"CC","Y","1987-04-22",,720.85,545.57
"4561143213630844",1363084,"CC","Y","1995-09-26",,0.00,1700.00
"0000000013630902",1363090,"CK","Y","1995-07-04",,304.52,0.00
"0000000013627932",1362793,"CK","N","1992-04-06","1995-09-24",3699.71,291.67
"0000000013625673",1362567,"SV","Y","1989-09-23",,3314.95,5143.26
"0000000013627822",1362782,"CK","N","1994-12-10","1995-08-22",171.84,41.60
"4561143213631924",1363192,"CC","Y","1992-08-14",,339.72,1000.00
"4561143213626804",1362680,"CC","Y","1995-10-01",,0.00,1000.00
"4561143213627704",1362770,"CC","N","1993-01-10","1995-11-12",3645.16,20.00
"0000000013631413",1363141,"SV","Y","1994-11-11",,177.33,528.57
"4561143213627914",1362791,"CC","Y","1994-02-24",,3115.73,157.42
"0000000013626222",1362622,"CK","Y","1992-01-13",,4702.27,890.53
"0000000013626193",1362619,"SV","Y","1993-04-27",,1099.65,1133.10
"0000000013624872",1362487,"CK","Y","1995-01-12",,2781.07,1401.21
"4561143213629024",1362902,"CC","Y","1990-11-11",,273.45,346.97
"0000000013625023",1362502,"SV","Y","1988-05-13",,228.81,697.68
"4561143213634024",1363402,"CC","Y","1992-08-15",,1119.41,1200.00
"0000000013628263",1362826,"SV","Y","1995-10-23",,138.57,425.08
"0000000013625732",1362573,"CK","Y","1990-06-16",,5292.05,1045.47
"0000000013631133",1363113,"SV","Y","1995-12-05",,1205.12,1241.78
"0000000013632613",1363261,"SV","N","1989-03-09","1995-09-11",676.68,289.89
"4561143213628774",1362877,"CC","Y","1993-03-16",,64.64,80.00
"0000000013633072",1363307,"CK","Y","1993-12-25",,2763.73,314.27
"0000000013627593",1362759,"SV","Y","1990-09-05",,214.89,79.52
"4561143213630934",1363093,"CC","Y","1986-05-30",,254.38,1000.00
"4561143213626944",1362694,"CC","Y","1992-01-04",,1156.23,1360.30
"4561143213630444",1363044,"CC","Y","1990-06-18",,150.30,523.08
"0000000013629852",1362985,"CK","Y","1995-11-09",,1067.03,65.82
"4561143213627144",1362714,"CC","Y","1990-11-05",,175.29,457.29
"0000000013626683",1362668,"SV","Y","1990-11-29",,213.91,1470.67
"0000000013629803",1362980,"SV","Y","1995-12-23",,232.00,310.32
"0000000013630082",1363008,"CK","Y","1989-07-25",,4914.54,23.16
"0000000013627422",1362742,"CK","Y","1991-12-01",,2647.42,2562.66
"4561143213627214",1362721,"CC","Y","1995-10-17",,0.00,1000.00
"4561143213626404",1362640,"CC","Y","1994-04-24",,1452.79,751.28
"4561143213625714",1362571,"CC","Y","1994-04-22",,646.48,959.28
"4561143213627844",1362784,"CC","Y","1992-03-23",,2555.71,2764.67
"4561143213628394",1362839,"CC","Y","1992-06-01",,3640.88,3783.62
"4561143213632184",1363218,"CC","Y","1989-12-18",,632.92,1100.00
"4561143213627264",1362726,"CC","Y","1993-11-28",,1836.21,918.66
"0000000013624803",1362480,"SV","Y","1992-12-23",,707.09,1187.97
"4561143213632884",1363288,"CC","Y","1993-11-16",,1886.71,1980.90
"4561143213628314",1362831,"CC","Y","1993-05-19",,4881.13,5600.00
"0000000013628933",1362893,"SV","Y","1995-08-03",,290.57,976.43
"0000000013626022",1362602,"CK","Y","1995-02-27",,428.90,626.79
"4561143213625564",1362556,"CC","N","1992-01-20","1995-08-19",1433.94,20.00
"4561143213626244",1362624,"CC","Y","1990-11-29",,632.75,1400.00
"4561143213628754",1362875,"CC","Y","1989-02-24",,2810.91,3000.00
"0000000013626543",1362654,"SV","Y","1992-10-17",,784.53,622.46
"0000000013627032",1362703,"CK","Y","1994-09-18",,3649.18,107.33
